run_id,model_id,model_variant,setting,few_step_prior,task,modality,protocol,backend,case_id,category,prompt,prompt_hash,method,method_family,sampler_mode,actual_nfe,num_inference_steps,base_sample_steps,split_pairs,scheduler_name,flow_shift,guidance_scale,pag_guidance_scale,seed,height,width,reference_method,reference_nfe,low_baseline_method,output_path,schedule_json_path,stdout_log_path,stderr_log_path,runtime_json_path,status,error_message,git_commit,dirty_status
sana06b_bss_bds_v1_mini_p01_simple_object_uniform8,Sana-0.6B,Sana_600M_1024px,Image Generation,None / not explicit,t2i,image,fixed_prompt_suite_official_sana_pipeline,native,p01_simple_object,simple object,"A matte red ceramic teapot on a plain gray table, studio lighting.",f9c07e036334,uniform8,uniform,uniform,8,8,,,flow_dpm-solver,4.0,5.0,2.0,0,1024,1024,reference_uniform50,50,uniform8,images/mini/p01_simple_object_uniform8.png,schedules/mini/p01_simple_object_uniform8.json,logs/mini/p01_simple_object_uniform8.stdout.log,logs/mini/p01_simple_object_uniform8.stderr.log,runtimes/mini/p01_simple_object_uniform8.runtime.json,pending,,59629fdf790850797cb657bad014fce432bd713d,"?? Prompt.txt
?? bss_experiments/"
sana06b_bss_bds_v1_mini_p01_simple_object_uniform10,Sana-0.6B,Sana_600M_1024px,Image Generation,None / not explicit,t2i,image,fixed_prompt_suite_official_sana_pipeline,native,p01_simple_object,simple object,"A matte red ceramic teapot on a plain gray table, studio lighting.",f9c07e036334,uniform10,uniform,uniform,10,10,,,flow_dpm-solver,4.0,5.0,2.0,0,1024,1024,reference_uniform50,50,uniform8,images/mini/p01_simple_object_uniform10.png,schedules/mini/p01_simple_object_uniform10.json,logs/mini/p01_simple_object_uniform10.stdout.log,logs/mini/p01_simple_object_uniform10.stderr.log,runtimes/mini/p01_simple_object_uniform10.runtime.json,pending,,59629fdf790850797cb657bad014fce432bd713d,"?? Prompt.txt
?? bss_experiments/"
sana06b_bss_bds_v1_mini_p01_simple_object_uniform20,Sana-0.6B,Sana_600M_1024px,Image Generation,None / not explicit,t2i,image,fixed_prompt_suite_official_sana_pipeline,native,p01_simple_object,simple object,"A matte red ceramic teapot on a plain gray table, studio lighting.",f9c07e036334,uniform20,uniform,uniform,20,20,,,flow_dpm-solver,4.0,5.0,2.0,0,1024,1024,reference_uniform50,50,uniform8,images/mini/p01_simple_object_uniform20.png,schedules/mini/p01_simple_object_uniform20.json,logs/mini/p01_simple_object_uniform20.stdout.log,logs/mini/p01_simple_object_uniform20.stderr.log,runtimes/mini/p01_simple_object_uniform20.runtime.json,pending,,59629fdf790850797cb657bad014fce432bd713d,"?? Prompt.txt
?? bss_experiments/"
sana06b_bss_bds_v1_mini_p01_simple_object_uniform30,Sana-0.6B,Sana_600M_1024px,Image Generation,None / not explicit,t2i,image,fixed_prompt_suite_official_sana_pipeline,native,p01_simple_object,simple object,"A matte red ceramic teapot on a plain gray table, studio lighting.",f9c07e036334,uniform30,uniform,uniform,30,30,,,flow_dpm-solver,4.0,5.0,2.0,0,1024,1024,reference_uniform50,50,uniform8,images/mini/p01_simple_object_uniform30.png,schedules/mini/p01_simple_object_uniform30.json,logs/mini/p01_simple_object_uniform30.stdout.log,logs/mini/p01_simple_object_uniform30.stderr.log,runtimes/mini/p01_simple_object_uniform30.runtime.json,pending,,59629fdf790850797cb657bad014fce432bd713d,"?? Prompt.txt
?? bss_experiments/"
sana06b_bss_bds_v1_mini_p01_simple_object_uniform40,Sana-0.6B,Sana_600M_1024px,Image Generation,None / not explicit,t2i,image,fixed_prompt_suite_official_sana_pipeline,native,p01_simple_object,simple object,"A matte red ceramic teapot on a plain gray table, studio lighting.",f9c07e036334,uniform40,uniform,uniform,40,40,,,flow_dpm-solver,4.0,5.0,2.0,0,1024,1024,reference_uniform50,50,uniform8,images/mini/p01_simple_object_uniform40.png,schedules/mini/p01_simple_object_uniform40.json,logs/mini/p01_simple_object_uniform40.stdout.log,logs/mini/p01_simple_object_uniform40.stderr.log,runtimes/mini/p01_simple_object_uniform40.runtime.json,pending,,59629fdf790850797cb657bad014fce432bd713d,"?? Prompt.txt
?? bss_experiments/"
sana06b_bss_bds_v1_mini_p01_simple_object_reference_uniform50,Sana-0.6B,Sana_600M_1024px,Image Generation,None / not explicit,t2i,image,fixed_prompt_suite_official_sana_pipeline,native,p01_simple_object,simple object,"A matte red ceramic teapot on a plain gray table, studio lighting.",f9c07e036334,reference_uniform50,reference,uniform,50,50,,,flow_dpm-solver,4.0,5.0,2.0,0,1024,1024,reference_uniform50,50,uniform8,images/mini/p01_simple_object_reference_uniform50.png,schedules/mini/p01_simple_object_reference_uniform50.json,logs/mini/p01_simple_object_reference_uniform50.stdout.log,logs/mini/p01_simple_object_reference_uniform50.stderr.log,runtimes/mini/p01_simple_object_reference_uniform50.runtime.json,pending,,59629fdf790850797cb657bad014fce432bd713d,"?? Prompt.txt
?? bss_experiments/"
sana06b_bss_bds_v1_mini_p01_simple_object_bss10,Sana-0.6B,Sana_600M_1024px,Image Generation,None / not explicit,t2i,image,fixed_prompt_suite_official_sana_pipeline,native,p01_simple_object,simple object,"A matte red ceramic teapot on a plain gray table, studio lighting.",f9c07e036334,bss10,bss,bss,10,10,8,"0,-1",flow_dpm-solver,4.0,5.0,2.0,0,1024,1024,reference_uniform50,50,uniform8,images/mini/p01_simple_object_bss10.png,schedules/mini/p01_simple_object_bss10.json,logs/mini/p01_simple_object_bss10.stdout.log,logs/mini/p01_simple_object_bss10.stderr.log,runtimes/mini/p01_simple_object_bss10.runtime.json,pending,,59629fdf790850797cb657bad014fce432bd713d,"?? Prompt.txt
?? bss_experiments/"
sana06b_bss_bds_v1_mini_p01_simple_object_bss20,Sana-0.6B,Sana_600M_1024px,Image Generation,None / not explicit,t2i,image,fixed_prompt_suite_official_sana_pipeline,native,p01_simple_object,simple object,"A matte red ceramic teapot on a plain gray table, studio lighting.",f9c07e036334,bss20,bss,bss,20,20,18,"0,-1",flow_dpm-solver,4.0,5.0,2.0,0,1024,1024,reference_uniform50,50,uniform8,images/mini/p01_simple_object_bss20.png,schedules/mini/p01_simple_object_bss20.json,logs/mini/p01_simple_object_bss20.stdout.log,logs/mini/p01_simple_object_bss20.stderr.log,runtimes/mini/p01_simple_object_bss20.runtime.json,pending,,59629fdf790850797cb657bad014fce432bd713d,"?? Prompt.txt
?? bss_experiments/"
sana06b_bss_bds_v1_mini_p01_simple_object_bss30,Sana-0.6B,Sana_600M_1024px,Image Generation,None / not explicit,t2i,image,fixed_prompt_suite_official_sana_pipeline,native,p01_simple_object,simple object,"A matte red ceramic teapot on a plain gray table, studio lighting.",f9c07e036334,bss30,bss,bss,30,30,28,"0,-1",flow_dpm-solver,4.0,5.0,2.0,0,1024,1024,reference_uniform50,50,uniform8,images/mini/p01_simple_object_bss30.png,schedules/mini/p01_simple_object_bss30.json,logs/mini/p01_simple_object_bss30.stdout.log,logs/mini/p01_simple_object_bss30.stderr.log,runtimes/mini/p01_simple_object_bss30.runtime.json,pending,,59629fdf790850797cb657bad014fce432bd713d,"?? Prompt.txt
?? bss_experiments/"
sana06b_bss_bds_v1_mini_p01_simple_object_bss40,Sana-0.6B,Sana_600M_1024px,Image Generation,None / not explicit,t2i,image,fixed_prompt_suite_official_sana_pipeline,native,p01_simple_object,simple object,"A matte red ceramic teapot on a plain gray table, studio lighting.",f9c07e036334,bss40,bss,bss,40,40,38,"0,-1",flow_dpm-solver,4.0,5.0,2.0,0,1024,1024,reference_uniform50,50,uniform8,images/mini/p01_simple_object_bss40.png,schedules/mini/p01_simple_object_bss40.json,logs/mini/p01_simple_object_bss40.stdout.log,logs/mini/p01_simple_object_bss40.stderr.log,runtimes/mini/p01_simple_object_bss40.runtime.json,pending,,59629fdf790850797cb657bad014fce432bd713d,"?? Prompt.txt
?? bss_experiments/"
sana06b_bss_bds_v1_mini_p02_animal_uniform8,Sana-0.6B,Sana_600M_1024px,Image Generation,None / not explicit,t2i,image,fixed_prompt_suite_official_sana_pipeline,native,p02_animal,animal,"A golden retriever wearing a blue raincoat, sitting beside a puddle after rain.",4f1aacf16005,uniform8,uniform,uniform,8,8,,,flow_dpm-solver,4.0,5.0,2.0,0,1024,1024,reference_uniform50,50,uniform8,images/mini/p02_animal_uniform8.png,schedules/mini/p02_animal_uniform8.json,logs/mini/p02_animal_uniform8.stdout.log,logs/mini/p02_animal_uniform8.stderr.log,runtimes/mini/p02_animal_uniform8.runtime.json,pending,,59629fdf790850797cb657bad014fce432bd713d,"?? Prompt.txt
?? bss_experiments/"
sana06b_bss_bds_v1_mini_p02_animal_uniform10,Sana-0.6B,Sana_600M_1024px,Image Generation,None / not explicit,t2i,image,fixed_prompt_suite_official_sana_pipeline,native,p02_animal,animal,"A golden retriever wearing a blue raincoat, sitting beside a puddle after rain.",4f1aacf16005,uniform10,uniform,uniform,10,10,,,flow_dpm-solver,4.0,5.0,2.0,0,1024,1024,reference_uniform50,50,uniform8,images/mini/p02_animal_uniform10.png,schedules/mini/p02_animal_uniform10.json,logs/mini/p02_animal_uniform10.stdout.log,logs/mini/p02_animal_uniform10.stderr.log,runtimes/mini/p02_animal_uniform10.runtime.json,pending,,59629fdf790850797cb657bad014fce432bd713d,"?? Prompt.txt
?? bss_experiments/"
sana06b_bss_bds_v1_mini_p02_animal_uniform20,Sana-0.6B,Sana_600M_1024px,Image Generation,None / not explicit,t2i,image,fixed_prompt_suite_official_sana_pipeline,native,p02_animal,animal,"A golden retriever wearing a blue raincoat, sitting beside a puddle after rain.",4f1aacf16005,uniform20,uniform,uniform,20,20,,,flow_dpm-solver,4.0,5.0,2.0,0,1024,1024,reference_uniform50,50,uniform8,images/mini/p02_animal_uniform20.png,schedules/mini/p02_animal_uniform20.json,logs/mini/p02_animal_uniform20.stdout.log,logs/mini/p02_animal_uniform20.stderr.log,runtimes/mini/p02_animal_uniform20.runtime.json,pending,,59629fdf790850797cb657bad014fce432bd713d,"?? Prompt.txt
?? bss_experiments/"
sana06b_bss_bds_v1_mini_p02_animal_uniform30,Sana-0.6B,Sana_600M_1024px,Image Generation,None / not explicit,t2i,image,fixed_prompt_suite_official_sana_pipeline,native,p02_animal,animal,"A golden retriever wearing a blue raincoat, sitting beside a puddle after rain.",4f1aacf16005,uniform30,uniform,uniform,30,30,,,flow_dpm-solver,4.0,5.0,2.0,0,1024,1024,reference_uniform50,50,uniform8,images/mini/p02_animal_uniform30.png,schedules/mini/p02_animal_uniform30.json,logs/mini/p02_animal_uniform30.stdout.log,logs/mini/p02_animal_uniform30.stderr.log,runtimes/mini/p02_animal_uniform30.runtime.json,pending,,59629fdf790850797cb657bad014fce432bd713d,"?? Prompt.txt
?? bss_experiments/"
sana06b_bss_bds_v1_mini_p02_animal_uniform40,Sana-0.6B,Sana_600M_1024px,Image Generation,None / not explicit,t2i,image,fixed_prompt_suite_official_sana_pipeline,native,p02_animal,animal,"A golden retriever wearing a blue raincoat, sitting beside a puddle after rain.",4f1aacf16005,uniform40,uniform,uniform,40,40,,,flow_dpm-solver,4.0,5.0,2.0,0,1024,1024,reference_uniform50,50,uniform8,images/mini/p02_animal_uniform40.png,schedules/mini/p02_animal_uniform40.json,logs/mini/p02_animal_uniform40.stdout.log,logs/mini/p02_animal_uniform40.stderr.log,runtimes/mini/p02_animal_uniform40.runtime.json,pending,,59629fdf790850797cb657bad014fce432bd713d,"?? Prompt.txt
?? bss_experiments/"
sana06b_bss_bds_v1_mini_p02_animal_reference_uniform50,Sana-0.6B,Sana_600M_1024px,Image Generation,None / not explicit,t2i,image,fixed_prompt_suite_official_sana_pipeline,native,p02_animal,animal,"A golden retriever wearing a blue raincoat, sitting beside a puddle after rain.",4f1aacf16005,reference_uniform50,reference,uniform,50,50,,,flow_dpm-solver,4.0,5.0,2.0,0,1024,1024,reference_uniform50,50,uniform8,images/mini/p02_animal_reference_uniform50.png,schedules/mini/p02_animal_reference_uniform50.json,logs/mini/p02_animal_reference_uniform50.stdout.log,logs/mini/p02_animal_reference_uniform50.stderr.log,runtimes/mini/p02_animal_reference_uniform50.runtime.json,pending,,59629fdf790850797cb657bad014fce432bd713d,"?? Prompt.txt
?? bss_experiments/"
sana06b_bss_bds_v1_mini_p02_animal_bss10,Sana-0.6B,Sana_600M_1024px,Image Generation,None / not explicit,t2i,image,fixed_prompt_suite_official_sana_pipeline,native,p02_animal,animal,"A golden retriever wearing a blue raincoat, sitting beside a puddle after rain.",4f1aacf16005,bss10,bss,bss,10,10,8,"0,-1",flow_dpm-solver,4.0,5.0,2.0,0,1024,1024,reference_uniform50,50,uniform8,images/mini/p02_animal_bss10.png,schedules/mini/p02_animal_bss10.json,logs/mini/p02_animal_bss10.stdout.log,logs/mini/p02_animal_bss10.stderr.log,runtimes/mini/p02_animal_bss10.runtime.json,pending,,59629fdf790850797cb657bad014fce432bd713d,"?? Prompt.txt
?? bss_experiments/"
sana06b_bss_bds_v1_mini_p02_animal_bss20,Sana-0.6B,Sana_600M_1024px,Image Generation,None / not explicit,t2i,image,fixed_prompt_suite_official_sana_pipeline,native,p02_animal,animal,"A golden retriever wearing a blue raincoat, sitting beside a puddle after rain.",4f1aacf16005,bss20,bss,bss,20,20,18,"0,-1",flow_dpm-solver,4.0,5.0,2.0,0,1024,1024,reference_uniform50,50,uniform8,images/mini/p02_animal_bss20.png,schedules/mini/p02_animal_bss20.json,logs/mini/p02_animal_bss20.stdout.log,logs/mini/p02_animal_bss20.stderr.log,runtimes/mini/p02_animal_bss20.runtime.json,pending,,59629fdf790850797cb657bad014fce432bd713d,"?? Prompt.txt
?? bss_experiments/"
sana06b_bss_bds_v1_mini_p02_animal_bss30,Sana-0.6B,Sana_600M_1024px,Image Generation,None / not explicit,t2i,image,fixed_prompt_suite_official_sana_pipeline,native,p02_animal,animal,"A golden retriever wearing a blue raincoat, sitting beside a puddle after rain.",4f1aacf16005,bss30,bss,bss,30,30,28,"0,-1",flow_dpm-solver,4.0,5.0,2.0,0,1024,1024,reference_uniform50,50,uniform8,images/mini/p02_animal_bss30.png,schedules/mini/p02_animal_bss30.json,logs/mini/p02_animal_bss30.stdout.log,logs/mini/p02_animal_bss30.stderr.log,runtimes/mini/p02_animal_bss30.runtime.json,pending,,59629fdf790850797cb657bad014fce432bd713d,"?? Prompt.txt
?? bss_experiments/"
sana06b_bss_bds_v1_mini_p02_animal_bss40,Sana-0.6B,Sana_600M_1024px,Image Generation,None / not explicit,t2i,image,fixed_prompt_suite_official_sana_pipeline,native,p02_animal,animal,"A golden retriever wearing a blue raincoat, sitting beside a puddle after rain.",4f1aacf16005,bss40,bss,bss,40,40,38,"0,-1",flow_dpm-solver,4.0,5.0,2.0,0,1024,1024,reference_uniform50,50,uniform8,images/mini/p02_animal_bss40.png,schedules/mini/p02_animal_bss40.json,logs/mini/p02_animal_bss40.stdout.log,logs/mini/p02_animal_bss40.stderr.log,runtimes/mini/p02_animal_bss40.runtime.json,pending,,59629fdf790850797cb657bad014fce432bd713d,"?? Prompt.txt
?? bss_experiments/"
sana06b_bss_bds_v1_mini_p03_human_action_uniform8,Sana-0.6B,Sana_600M_1024px,Image Generation,None / not explicit,t2i,image,fixed_prompt_suite_official_sana_pipeline,native,p03_human_action,human action,A chef tossing vegetables in a wok inside a busy open kitchen.,b900f822ade5,uniform8,uniform,uniform,8,8,,,flow_dpm-solver,4.0,5.0,2.0,0,1024,1024,reference_uniform50,50,uniform8,images/mini/p03_human_action_uniform8.png,schedules/mini/p03_human_action_uniform8.json,logs/mini/p03_human_action_uniform8.stdout.log,logs/mini/p03_human_action_uniform8.stderr.log,runtimes/mini/p03_human_action_uniform8.runtime.json,pending,,59629fdf790850797cb657bad014fce432bd713d,"?? Prompt.txt
?? bss_experiments/"
sana06b_bss_bds_v1_mini_p03_human_action_uniform10,Sana-0.6B,Sana_600M_1024px,Image Generation,None / not explicit,t2i,image,fixed_prompt_suite_official_sana_pipeline,native,p03_human_action,human action,A chef tossing vegetables in a wok inside a busy open kitchen.,b900f822ade5,uniform10,uniform,uniform,10,10,,,flow_dpm-solver,4.0,5.0,2.0,0,1024,1024,reference_uniform50,50,uniform8,images/mini/p03_human_action_uniform10.png,schedules/mini/p03_human_action_uniform10.json,logs/mini/p03_human_action_uniform10.stdout.log,logs/mini/p03_human_action_uniform10.stderr.log,runtimes/mini/p03_human_action_uniform10.runtime.json,pending,,59629fdf790850797cb657bad014fce432bd713d,"?? Prompt.txt
?? bss_experiments/"
sana06b_bss_bds_v1_mini_p03_human_action_uniform20,Sana-0.6B,Sana_600M_1024px,Image Generation,None / not explicit,t2i,image,fixed_prompt_suite_official_sana_pipeline,native,p03_human_action,human action,A chef tossing vegetables in a wok inside a busy open kitchen.,b900f822ade5,uniform20,uniform,uniform,20,20,,,flow_dpm-solver,4.0,5.0,2.0,0,1024,1024,reference_uniform50,50,uniform8,images/mini/p03_human_action_uniform20.png,schedules/mini/p03_human_action_uniform20.json,logs/mini/p03_human_action_uniform20.stdout.log,logs/mini/p03_human_action_uniform20.stderr.log,runtimes/mini/p03_human_action_uniform20.runtime.json,pending,,59629fdf790850797cb657bad014fce432bd713d,"?? Prompt.txt
?? bss_experiments/"
sana06b_bss_bds_v1_mini_p03_human_action_uniform30,Sana-0.6B,Sana_600M_1024px,Image Generation,None / not explicit,t2i,image,fixed_prompt_suite_official_sana_pipeline,native,p03_human_action,human action,A chef tossing vegetables in a wok inside a busy open kitchen.,b900f822ade5,uniform30,uniform,uniform,30,30,,,flow_dpm-solver,4.0,5.0,2.0,0,1024,1024,reference_uniform50,50,uniform8,images/mini/p03_human_action_uniform30.png,schedules/mini/p03_human_action_uniform30.json,logs/mini/p03_human_action_uniform30.stdout.log,logs/mini/p03_human_action_uniform30.stderr.log,runtimes/mini/p03_human_action_uniform30.runtime.json,pending,,59629fdf790850797cb657bad014fce432bd713d,"?? Prompt.txt
?? bss_experiments/"
sana06b_bss_bds_v1_mini_p03_human_action_uniform40,Sana-0.6B,Sana_600M_1024px,Image Generation,None / not explicit,t2i,image,fixed_prompt_suite_official_sana_pipeline,native,p03_human_action,human action,A chef tossing vegetables in a wok inside a busy open kitchen.,b900f822ade5,uniform40,uniform,uniform,40,40,,,flow_dpm-solver,4.0,5.0,2.0,0,1024,1024,reference_uniform50,50,uniform8,images/mini/p03_human_action_uniform40.png,schedules/mini/p03_human_action_uniform40.json,logs/mini/p03_human_action_uniform40.stdout.log,logs/mini/p03_human_action_uniform40.stderr.log,runtimes/mini/p03_human_action_uniform40.runtime.json,pending,,59629fdf790850797cb657bad014fce432bd713d,"?? Prompt.txt
?? bss_experiments/"
sana06b_bss_bds_v1_mini_p03_human_action_reference_uniform50,Sana-0.6B,Sana_600M_1024px,Image Generation,None / not explicit,t2i,image,fixed_prompt_suite_official_sana_pipeline,native,p03_human_action,human action,A chef tossing vegetables in a wok inside a busy open kitchen.,b900f822ade5,reference_uniform50,reference,uniform,50,50,,,flow_dpm-solver,4.0,5.0,2.0,0,1024,1024,reference_uniform50,50,uniform8,images/mini/p03_human_action_reference_uniform50.png,schedules/mini/p03_human_action_reference_uniform50.json,logs/mini/p03_human_action_reference_uniform50.stdout.log,logs/mini/p03_human_action_reference_uniform50.stderr.log,runtimes/mini/p03_human_action_reference_uniform50.runtime.json,pending,,59629fdf790850797cb657bad014fce432bd713d,"?? Prompt.txt
?? bss_experiments/"
sana06b_bss_bds_v1_mini_p03_human_action_bss10,Sana-0.6B,Sana_600M_1024px,Image Generation,None / not explicit,t2i,image,fixed_prompt_suite_official_sana_pipeline,native,p03_human_action,human action,A chef tossing vegetables in a wok inside a busy open kitchen.,b900f822ade5,bss10,bss,bss,10,10,8,"0,-1",flow_dpm-solver,4.0,5.0,2.0,0,1024,1024,reference_uniform50,50,uniform8,images/mini/p03_human_action_bss10.png,schedules/mini/p03_human_action_bss10.json,logs/mini/p03_human_action_bss10.stdout.log,logs/mini/p03_human_action_bss10.stderr.log,runtimes/mini/p03_human_action_bss10.runtime.json,pending,,59629fdf790850797cb657bad014fce432bd713d,"?? Prompt.txt
?? bss_experiments/"
sana06b_bss_bds_v1_mini_p03_human_action_bss20,Sana-0.6B,Sana_600M_1024px,Image Generation,None / not explicit,t2i,image,fixed_prompt_suite_official_sana_pipeline,native,p03_human_action,human action,A chef tossing vegetables in a wok inside a busy open kitchen.,b900f822ade5,bss20,bss,bss,20,20,18,"0,-1",flow_dpm-solver,4.0,5.0,2.0,0,1024,1024,reference_uniform50,50,uniform8,images/mini/p03_human_action_bss20.png,schedules/mini/p03_human_action_bss20.json,logs/mini/p03_human_action_bss20.stdout.log,logs/mini/p03_human_action_bss20.stderr.log,runtimes/mini/p03_human_action_bss20.runtime.json,pending,,59629fdf790850797cb657bad014fce432bd713d,"?? Prompt.txt
?? bss_experiments/"
sana06b_bss_bds_v1_mini_p03_human_action_bss30,Sana-0.6B,Sana_600M_1024px,Image Generation,None / not explicit,t2i,image,fixed_prompt_suite_official_sana_pipeline,native,p03_human_action,human action,A chef tossing vegetables in a wok inside a busy open kitchen.,b900f822ade5,bss30,bss,bss,30,30,28,"0,-1",flow_dpm-solver,4.0,5.0,2.0,0,1024,1024,reference_uniform50,50,uniform8,images/mini/p03_human_action_bss30.png,schedules/mini/p03_human_action_bss30.json,logs/mini/p03_human_action_bss30.stdout.log,logs/mini/p03_human_action_bss30.stderr.log,runtimes/mini/p03_human_action_bss30.runtime.json,pending,,59629fdf790850797cb657bad014fce432bd713d,"?? Prompt.txt
?? bss_experiments/"
sana06b_bss_bds_v1_mini_p03_human_action_bss40,Sana-0.6B,Sana_600M_1024px,Image Generation,None / not explicit,t2i,image,fixed_prompt_suite_official_sana_pipeline,native,p03_human_action,human action,A chef tossing vegetables in a wok inside a busy open kitchen.,b900f822ade5,bss40,bss,bss,40,40,38,"0,-1",flow_dpm-solver,4.0,5.0,2.0,0,1024,1024,reference_uniform50,50,uniform8,images/mini/p03_human_action_bss40.png,schedules/mini/p03_human_action_bss40.json,logs/mini/p03_human_action_bss40.stdout.log,logs/mini/p03_human_action_bss40.stderr.log,runtimes/mini/p03_human_action_bss40.runtime.json,pending,,59629fdf790850797cb657bad014fce432bd713d,"?? Prompt.txt
?? bss_experiments/"
sana06b_bss_bds_v1_mini_p04_indoor_scene_uniform8,Sana-0.6B,Sana_600M_1024px,Image Generation,None / not explicit,t2i,image,fixed_prompt_suite_official_sana_pipeline,native,p04_indoor_scene,indoor scene,"A quiet reading room with oak shelves, a green lamp, and a leather chair.",0297ee22170f,uniform8,uniform,uniform,8,8,,,flow_dpm-solver,4.0,5.0,2.0,0,1024,1024,reference_uniform50,50,uniform8,images/mini/p04_indoor_scene_uniform8.png,schedules/mini/p04_indoor_scene_uniform8.json,logs/mini/p04_indoor_scene_uniform8.stdout.log,logs/mini/p04_indoor_scene_uniform8.stderr.log,runtimes/mini/p04_indoor_scene_uniform8.runtime.json,pending,,59629fdf790850797cb657bad014fce432bd713d,"?? Prompt.txt
?? bss_experiments/"
sana06b_bss_bds_v1_mini_p04_indoor_scene_uniform10,Sana-0.6B,Sana_600M_1024px,Image Generation,None / not explicit,t2i,image,fixed_prompt_suite_official_sana_pipeline,native,p04_indoor_scene,indoor scene,"A quiet reading room with oak shelves, a green lamp, and a leather chair.",0297ee22170f,uniform10,uniform,uniform,10,10,,,flow_dpm-solver,4.0,5.0,2.0,0,1024,1024,reference_uniform50,50,uniform8,images/mini/p04_indoor_scene_uniform10.png,schedules/mini/p04_indoor_scene_uniform10.json,logs/mini/p04_indoor_scene_uniform10.stdout.log,logs/mini/p04_indoor_scene_uniform10.stderr.log,runtimes/mini/p04_indoor_scene_uniform10.runtime.json,pending,,59629fdf790850797cb657bad014fce432bd713d,"?? Prompt.txt
?? bss_experiments/"
sana06b_bss_bds_v1_mini_p04_indoor_scene_uniform20,Sana-0.6B,Sana_600M_1024px,Image Generation,None / not explicit,t2i,image,fixed_prompt_suite_official_sana_pipeline,native,p04_indoor_scene,indoor scene,"A quiet reading room with oak shelves, a green lamp, and a leather chair.",0297ee22170f,uniform20,uniform,uniform,20,20,,,flow_dpm-solver,4.0,5.0,2.0,0,1024,1024,reference_uniform50,50,uniform8,images/mini/p04_indoor_scene_uniform20.png,schedules/mini/p04_indoor_scene_uniform20.json,logs/mini/p04_indoor_scene_uniform20.stdout.log,logs/mini/p04_indoor_scene_uniform20.stderr.log,runtimes/mini/p04_indoor_scene_uniform20.runtime.json,pending,,59629fdf790850797cb657bad014fce432bd713d,"?? Prompt.txt
?? bss_experiments/"
sana06b_bss_bds_v1_mini_p04_indoor_scene_uniform30,Sana-0.6B,Sana_600M_1024px,Image Generation,None / not explicit,t2i,image,fixed_prompt_suite_official_sana_pipeline,native,p04_indoor_scene,indoor scene,"A quiet reading room with oak shelves, a green lamp, and a leather chair.",0297ee22170f,uniform30,uniform,uniform,30,30,,,flow_dpm-solver,4.0,5.0,2.0,0,1024,1024,reference_uniform50,50,uniform8,images/mini/p04_indoor_scene_uniform30.png,schedules/mini/p04_indoor_scene_uniform30.json,logs/mini/p04_indoor_scene_uniform30.stdout.log,logs/mini/p04_indoor_scene_uniform30.stderr.log,runtimes/mini/p04_indoor_scene_uniform30.runtime.json,pending,,59629fdf790850797cb657bad014fce432bd713d,"?? Prompt.txt
?? bss_experiments/"
sana06b_bss_bds_v1_mini_p04_indoor_scene_uniform40,Sana-0.6B,Sana_600M_1024px,Image Generation,None / not explicit,t2i,image,fixed_prompt_suite_official_sana_pipeline,native,p04_indoor_scene,indoor scene,"A quiet reading room with oak shelves, a green lamp, and a leather chair.",0297ee22170f,uniform40,uniform,uniform,40,40,,,flow_dpm-solver,4.0,5.0,2.0,0,1024,1024,reference_uniform50,50,uniform8,images/mini/p04_indoor_scene_uniform40.png,schedules/mini/p04_indoor_scene_uniform40.json,logs/mini/p04_indoor_scene_uniform40.stdout.log,logs/mini/p04_indoor_scene_uniform40.stderr.log,runtimes/mini/p04_indoor_scene_uniform40.runtime.json,pending,,59629fdf790850797cb657bad014fce432bd713d,"?? Prompt.txt
?? bss_experiments/"
sana06b_bss_bds_v1_mini_p04_indoor_scene_reference_uniform50,Sana-0.6B,Sana_600M_1024px,Image Generation,None / not explicit,t2i,image,fixed_prompt_suite_official_sana_pipeline,native,p04_indoor_scene,indoor scene,"A quiet reading room with oak shelves, a green lamp, and a leather chair.",0297ee22170f,reference_uniform50,reference,uniform,50,50,,,flow_dpm-solver,4.0,5.0,2.0,0,1024,1024,reference_uniform50,50,uniform8,images/mini/p04_indoor_scene_reference_uniform50.png,schedules/mini/p04_indoor_scene_reference_uniform50.json,logs/mini/p04_indoor_scene_reference_uniform50.stdout.log,logs/mini/p04_indoor_scene_reference_uniform50.stderr.log,runtimes/mini/p04_indoor_scene_reference_uniform50.runtime.json,pending,,59629fdf790850797cb657bad014fce432bd713d,"?? Prompt.txt
?? bss_experiments/"
sana06b_bss_bds_v1_mini_p04_indoor_scene_bss10,Sana-0.6B,Sana_600M_1024px,Image Generation,None / not explicit,t2i,image,fixed_prompt_suite_official_sana_pipeline,native,p04_indoor_scene,indoor scene,"A quiet reading room with oak shelves, a green lamp, and a leather chair.",0297ee22170f,bss10,bss,bss,10,10,8,"0,-1",flow_dpm-solver,4.0,5.0,2.0,0,1024,1024,reference_uniform50,50,uniform8,images/mini/p04_indoor_scene_bss10.png,schedules/mini/p04_indoor_scene_bss10.json,logs/mini/p04_indoor_scene_bss10.stdout.log,logs/mini/p04_indoor_scene_bss10.stderr.log,runtimes/mini/p04_indoor_scene_bss10.runtime.json,pending,,59629fdf790850797cb657bad014fce432bd713d,"?? Prompt.txt
?? bss_experiments/"
sana06b_bss_bds_v1_mini_p04_indoor_scene_bss20,Sana-0.6B,Sana_600M_1024px,Image Generation,None / not explicit,t2i,image,fixed_prompt_suite_official_sana_pipeline,native,p04_indoor_scene,indoor scene,"A quiet reading room with oak shelves, a green lamp, and a leather chair.",0297ee22170f,bss20,bss,bss,20,20,18,"0,-1",flow_dpm-solver,4.0,5.0,2.0,0,1024,1024,reference_uniform50,50,uniform8,images/mini/p04_indoor_scene_bss20.png,schedules/mini/p04_indoor_scene_bss20.json,logs/mini/p04_indoor_scene_bss20.stdout.log,logs/mini/p04_indoor_scene_bss20.stderr.log,runtimes/mini/p04_indoor_scene_bss20.runtime.json,pending,,59629fdf790850797cb657bad014fce432bd713d,"?? Prompt.txt
?? bss_experiments/"
sana06b_bss_bds_v1_mini_p04_indoor_scene_bss30,Sana-0.6B,Sana_600M_1024px,Image Generation,None / not explicit,t2i,image,fixed_prompt_suite_official_sana_pipeline,native,p04_indoor_scene,indoor scene,"A quiet reading room with oak shelves, a green lamp, and a leather chair.",0297ee22170f,bss30,bss,bss,30,30,28,"0,-1",flow_dpm-solver,4.0,5.0,2.0,0,1024,1024,reference_uniform50,50,uniform8,images/mini/p04_indoor_scene_bss30.png,schedules/mini/p04_indoor_scene_bss30.json,logs/mini/p04_indoor_scene_bss30.stdout.log,logs/mini/p04_indoor_scene_bss30.stderr.log,runtimes/mini/p04_indoor_scene_bss30.runtime.json,pending,,59629fdf790850797cb657bad014fce432bd713d,"?? Prompt.txt
?? bss_experiments/"
sana06b_bss_bds_v1_mini_p04_indoor_scene_bss40,Sana-0.6B,Sana_600M_1024px,Image Generation,None / not explicit,t2i,image,fixed_prompt_suite_official_sana_pipeline,native,p04_indoor_scene,indoor scene,"A quiet reading room with oak shelves, a green lamp, and a leather chair.",0297ee22170f,bss40,bss,bss,40,40,38,"0,-1",flow_dpm-solver,4.0,5.0,2.0,0,1024,1024,reference_uniform50,50,uniform8,images/mini/p04_indoor_scene_bss40.png,schedules/mini/p04_indoor_scene_bss40.json,logs/mini/p04_indoor_scene_bss40.stdout.log,logs/mini/p04_indoor_scene_bss40.stderr.log,runtimes/mini/p04_indoor_scene_bss40.runtime.json,pending,,59629fdf790850797cb657bad014fce432bd713d,"?? Prompt.txt
?? bss_experiments/"
sana06b_bss_bds_v1_mini_p05_outdoor_landscape_uniform8,Sana-0.6B,Sana_600M_1024px,Image Generation,None / not explicit,t2i,image,fixed_prompt_suite_official_sana_pipeline,native,p05_outdoor_landscape,outdoor landscape,A wide alpine valley at sunrise with snow peaks and a winding river.,f2b993badbae,uniform8,uniform,uniform,8,8,,,flow_dpm-solver,4.0,5.0,2.0,0,1024,1024,reference_uniform50,50,uniform8,images/mini/p05_outdoor_landscape_uniform8.png,schedules/mini/p05_outdoor_landscape_uniform8.json,logs/mini/p05_outdoor_landscape_uniform8.stdout.log,logs/mini/p05_outdoor_landscape_uniform8.stderr.log,runtimes/mini/p05_outdoor_landscape_uniform8.runtime.json,pending,,59629fdf790850797cb657bad014fce432bd713d,"?? Prompt.txt
?? bss_experiments/"
sana06b_bss_bds_v1_mini_p05_outdoor_landscape_uniform10,Sana-0.6B,Sana_600M_1024px,Image Generation,None / not explicit,t2i,image,fixed_prompt_suite_official_sana_pipeline,native,p05_outdoor_landscape,outdoor landscape,A wide alpine valley at sunrise with snow peaks and a winding river.,f2b993badbae,uniform10,uniform,uniform,10,10,,,flow_dpm-solver,4.0,5.0,2.0,0,1024,1024,reference_uniform50,50,uniform8,images/mini/p05_outdoor_landscape_uniform10.png,schedules/mini/p05_outdoor_landscape_uniform10.json,logs/mini/p05_outdoor_landscape_uniform10.stdout.log,logs/mini/p05_outdoor_landscape_uniform10.stderr.log,runtimes/mini/p05_outdoor_landscape_uniform10.runtime.json,pending,,59629fdf790850797cb657bad014fce432bd713d,"?? Prompt.txt
?? bss_experiments/"
sana06b_bss_bds_v1_mini_p05_outdoor_landscape_uniform20,Sana-0.6B,Sana_600M_1024px,Image Generation,None / not explicit,t2i,image,fixed_prompt_suite_official_sana_pipeline,native,p05_outdoor_landscape,outdoor landscape,A wide alpine valley at sunrise with snow peaks and a winding river.,f2b993badbae,uniform20,uniform,uniform,20,20,,,flow_dpm-solver,4.0,5.0,2.0,0,1024,1024,reference_uniform50,50,uniform8,images/mini/p05_outdoor_landscape_uniform20.png,schedules/mini/p05_outdoor_landscape_uniform20.json,logs/mini/p05_outdoor_landscape_uniform20.stdout.log,logs/mini/p05_outdoor_landscape_uniform20.stderr.log,runtimes/mini/p05_outdoor_landscape_uniform20.runtime.json,pending,,59629fdf790850797cb657bad014fce432bd713d,"?? Prompt.txt
?? bss_experiments/"
sana06b_bss_bds_v1_mini_p05_outdoor_landscape_uniform30,Sana-0.6B,Sana_600M_1024px,Image Generation,None / not explicit,t2i,image,fixed_prompt_suite_official_sana_pipeline,native,p05_outdoor_landscape,outdoor landscape,A wide alpine valley at sunrise with snow peaks and a winding river.,f2b993badbae,uniform30,uniform,uniform,30,30,,,flow_dpm-solver,4.0,5.0,2.0,0,1024,1024,reference_uniform50,50,uniform8,images/mini/p05_outdoor_landscape_uniform30.png,schedules/mini/p05_outdoor_landscape_uniform30.json,logs/mini/p05_outdoor_landscape_uniform30.stdout.log,logs/mini/p05_outdoor_landscape_uniform30.stderr.log,runtimes/mini/p05_outdoor_landscape_uniform30.runtime.json,pending,,59629fdf790850797cb657bad014fce432bd713d,"?? Prompt.txt
?? bss_experiments/"
sana06b_bss_bds_v1_mini_p05_outdoor_landscape_uniform40,Sana-0.6B,Sana_600M_1024px,Image Generation,None / not explicit,t2i,image,fixed_prompt_suite_official_sana_pipeline,native,p05_outdoor_landscape,outdoor landscape,A wide alpine valley at sunrise with snow peaks and a winding river.,f2b993badbae,uniform40,uniform,uniform,40,40,,,flow_dpm-solver,4.0,5.0,2.0,0,1024,1024,reference_uniform50,50,uniform8,images/mini/p05_outdoor_landscape_uniform40.png,schedules/mini/p05_outdoor_landscape_uniform40.json,logs/mini/p05_outdoor_landscape_uniform40.stdout.log,logs/mini/p05_outdoor_landscape_uniform40.stderr.log,runtimes/mini/p05_outdoor_landscape_uniform40.runtime.json,pending,,59629fdf790850797cb657bad014fce432bd713d,"?? Prompt.txt
?? bss_experiments/"
sana06b_bss_bds_v1_mini_p05_outdoor_landscape_reference_uniform50,Sana-0.6B,Sana_600M_1024px,Image Generation,None / not explicit,t2i,image,fixed_prompt_suite_official_sana_pipeline,native,p05_outdoor_landscape,outdoor landscape,A wide alpine valley at sunrise with snow peaks and a winding river.,f2b993badbae,reference_uniform50,reference,uniform,50,50,,,flow_dpm-solver,4.0,5.0,2.0,0,1024,1024,reference_uniform50,50,uniform8,images/mini/p05_outdoor_landscape_reference_uniform50.png,schedules/mini/p05_outdoor_landscape_reference_uniform50.json,logs/mini/p05_outdoor_landscape_reference_uniform50.stdout.log,logs/mini/p05_outdoor_landscape_reference_uniform50.stderr.log,runtimes/mini/p05_outdoor_landscape_reference_uniform50.runtime.json,pending,,59629fdf790850797cb657bad014fce432bd713d,"?? Prompt.txt
?? bss_experiments/"
sana06b_bss_bds_v1_mini_p05_outdoor_landscape_bss10,Sana-0.6B,Sana_600M_1024px,Image Generation,None / not explicit,t2i,image,fixed_prompt_suite_official_sana_pipeline,native,p05_outdoor_landscape,outdoor landscape,A wide alpine valley at sunrise with snow peaks and a winding river.,f2b993badbae,bss10,bss,bss,10,10,8,"0,-1",flow_dpm-solver,4.0,5.0,2.0,0,1024,1024,reference_uniform50,50,uniform8,images/mini/p05_outdoor_landscape_bss10.png,schedules/mini/p05_outdoor_landscape_bss10.json,logs/mini/p05_outdoor_landscape_bss10.stdout.log,logs/mini/p05_outdoor_landscape_bss10.stderr.log,runtimes/mini/p05_outdoor_landscape_bss10.runtime.json,pending,,59629fdf790850797cb657bad014fce432bd713d,"?? Prompt.txt
?? bss_experiments/"
sana06b_bss_bds_v1_mini_p05_outdoor_landscape_bss20,Sana-0.6B,Sana_600M_1024px,Image Generation,None / not explicit,t2i,image,fixed_prompt_suite_official_sana_pipeline,native,p05_outdoor_landscape,outdoor landscape,A wide alpine valley at sunrise with snow peaks and a winding river.,f2b993badbae,bss20,bss,bss,20,20,18,"0,-1",flow_dpm-solver,4.0,5.0,2.0,0,1024,1024,reference_uniform50,50,uniform8,images/mini/p05_outdoor_landscape_bss20.png,schedules/mini/p05_outdoor_landscape_bss20.json,logs/mini/p05_outdoor_landscape_bss20.stdout.log,logs/mini/p05_outdoor_landscape_bss20.stderr.log,runtimes/mini/p05_outdoor_landscape_bss20.runtime.json,pending,,59629fdf790850797cb657bad014fce432bd713d,"?? Prompt.txt
?? bss_experiments/"
sana06b_bss_bds_v1_mini_p05_outdoor_landscape_bss30,Sana-0.6B,Sana_600M_1024px,Image Generation,None / not explicit,t2i,image,fixed_prompt_suite_official_sana_pipeline,native,p05_outdoor_landscape,outdoor landscape,A wide alpine valley at sunrise with snow peaks and a winding river.,f2b993badbae,bss30,bss,bss,30,30,28,"0,-1",flow_dpm-solver,4.0,5.0,2.0,0,1024,1024,reference_uniform50,50,uniform8,images/mini/p05_outdoor_landscape_bss30.png,schedules/mini/p05_outdoor_landscape_bss30.json,logs/mini/p05_outdoor_landscape_bss30.stdout.log,logs/mini/p05_outdoor_landscape_bss30.stderr.log,runtimes/mini/p05_outdoor_landscape_bss30.runtime.json,pending,,59629fdf790850797cb657bad014fce432bd713d,"?? Prompt.txt
?? bss_experiments/"
sana06b_bss_bds_v1_mini_p05_outdoor_landscape_bss40,Sana-0.6B,Sana_600M_1024px,Image Generation,None / not explicit,t2i,image,fixed_prompt_suite_official_sana_pipeline,native,p05_outdoor_landscape,outdoor landscape,A wide alpine valley at sunrise with snow peaks and a winding river.,f2b993badbae,bss40,bss,bss,40,40,38,"0,-1",flow_dpm-solver,4.0,5.0,2.0,0,1024,1024,reference_uniform50,50,uniform8,images/mini/p05_outdoor_landscape_bss40.png,schedules/mini/p05_outdoor_landscape_bss40.json,logs/mini/p05_outdoor_landscape_bss40.stdout.log,logs/mini/p05_outdoor_landscape_bss40.stderr.log,runtimes/mini/p05_outdoor_landscape_bss40.runtime.json,pending,,59629fdf790850797cb657bad014fce432bd713d,"?? Prompt.txt
?? bss_experiments/"
sana06b_bss_bds_v1_mini_p06_high_frequency_texture_uniform8,Sana-0.6B,Sana_600M_1024px,Image Generation,None / not explicit,t2i,image,fixed_prompt_suite_official_sana_pipeline,native,p06_high_frequency_texture,high-frequency texture,A close view of woven tartan fabric with crisp red and green threads.,627f76e1eeae,uniform8,uniform,uniform,8,8,,,flow_dpm-solver,4.0,5.0,2.0,0,1024,1024,reference_uniform50,50,uniform8,images/mini/p06_high_frequency_texture_uniform8.png,schedules/mini/p06_high_frequency_texture_uniform8.json,logs/mini/p06_high_frequency_texture_uniform8.stdout.log,logs/mini/p06_high_frequency_texture_uniform8.stderr.log,runtimes/mini/p06_high_frequency_texture_uniform8.runtime.json,pending,,59629fdf790850797cb657bad014fce432bd713d,"?? Prompt.txt
?? bss_experiments/"
sana06b_bss_bds_v1_mini_p06_high_frequency_texture_uniform10,Sana-0.6B,Sana_600M_1024px,Image Generation,None / not explicit,t2i,image,fixed_prompt_suite_official_sana_pipeline,native,p06_high_frequency_texture,high-frequency texture,A close view of woven tartan fabric with crisp red and green threads.,627f76e1eeae,uniform10,uniform,uniform,10,10,,,flow_dpm-solver,4.0,5.0,2.0,0,1024,1024,reference_uniform50,50,uniform8,images/mini/p06_high_frequency_texture_uniform10.png,schedules/mini/p06_high_frequency_texture_uniform10.json,logs/mini/p06_high_frequency_texture_uniform10.stdout.log,logs/mini/p06_high_frequency_texture_uniform10.stderr.log,runtimes/mini/p06_high_frequency_texture_uniform10.runtime.json,pending,,59629fdf790850797cb657bad014fce432bd713d,"?? Prompt.txt
?? bss_experiments/"
sana06b_bss_bds_v1_mini_p06_high_frequency_texture_uniform20,Sana-0.6B,Sana_600M_1024px,Image Generation,None / not explicit,t2i,image,fixed_prompt_suite_official_sana_pipeline,native,p06_high_frequency_texture,high-frequency texture,A close view of woven tartan fabric with crisp red and green threads.,627f76e1eeae,uniform20,uniform,uniform,20,20,,,flow_dpm-solver,4.0,5.0,2.0,0,1024,1024,reference_uniform50,50,uniform8,images/mini/p06_high_frequency_texture_uniform20.png,schedules/mini/p06_high_frequency_texture_uniform20.json,logs/mini/p06_high_frequency_texture_uniform20.stdout.log,logs/mini/p06_high_frequency_texture_uniform20.stderr.log,runtimes/mini/p06_high_frequency_texture_uniform20.runtime.json,pending,,59629fdf790850797cb657bad014fce432bd713d,"?? Prompt.txt
?? bss_experiments/"
sana06b_bss_bds_v1_mini_p06_high_frequency_texture_uniform30,Sana-0.6B,Sana_600M_1024px,Image Generation,None / not explicit,t2i,image,fixed_prompt_suite_official_sana_pipeline,native,p06_high_frequency_texture,high-frequency texture,A close view of woven tartan fabric with crisp red and green threads.,627f76e1eeae,uniform30,uniform,uniform,30,30,,,flow_dpm-solver,4.0,5.0,2.0,0,1024,1024,reference_uniform50,50,uniform8,images/mini/p06_high_frequency_texture_uniform30.png,schedules/mini/p06_high_frequency_texture_uniform30.json,logs/mini/p06_high_frequency_texture_uniform30.stdout.log,logs/mini/p06_high_frequency_texture_uniform30.stderr.log,runtimes/mini/p06_high_frequency_texture_uniform30.runtime.json,pending,,59629fdf790850797cb657bad014fce432bd713d,"?? Prompt.txt
?? bss_experiments/"
sana06b_bss_bds_v1_mini_p06_high_frequency_texture_uniform40,Sana-0.6B,Sana_600M_1024px,Image Generation,None / not explicit,t2i,image,fixed_prompt_suite_official_sana_pipeline,native,p06_high_frequency_texture,high-frequency texture,A close view of woven tartan fabric with crisp red and green threads.,627f76e1eeae,uniform40,uniform,uniform,40,40,,,flow_dpm-solver,4.0,5.0,2.0,0,1024,1024,reference_uniform50,50,uniform8,images/mini/p06_high_frequency_texture_uniform40.png,schedules/mini/p06_high_frequency_texture_uniform40.json,logs/mini/p06_high_frequency_texture_uniform40.stdout.log,logs/mini/p06_high_frequency_texture_uniform40.stderr.log,runtimes/mini/p06_high_frequency_texture_uniform40.runtime.json,pending,,59629fdf790850797cb657bad014fce432bd713d,"?? Prompt.txt
?? bss_experiments/"
sana06b_bss_bds_v1_mini_p06_high_frequency_texture_reference_uniform50,Sana-0.6B,Sana_600M_1024px,Image Generation,None / not explicit,t2i,image,fixed_prompt_suite_official_sana_pipeline,native,p06_high_frequency_texture,high-frequency texture,A close view of woven tartan fabric with crisp red and green threads.,627f76e1eeae,reference_uniform50,reference,uniform,50,50,,,flow_dpm-solver,4.0,5.0,2.0,0,1024,1024,reference_uniform50,50,uniform8,images/mini/p06_high_frequency_texture_reference_uniform50.png,schedules/mini/p06_high_frequency_texture_reference_uniform50.json,logs/mini/p06_high_frequency_texture_reference_uniform50.stdout.log,logs/mini/p06_high_frequency_texture_reference_uniform50.stderr.log,runtimes/mini/p06_high_frequency_texture_reference_uniform50.runtime.json,pending,,59629fdf790850797cb657bad014fce432bd713d,"?? Prompt.txt
?? bss_experiments/"
sana06b_bss_bds_v1_mini_p06_high_frequency_texture_bss10,Sana-0.6B,Sana_600M_1024px,Image Generation,None / not explicit,t2i,image,fixed_prompt_suite_official_sana_pipeline,native,p06_high_frequency_texture,high-frequency texture,A close view of woven tartan fabric with crisp red and green threads.,627f76e1eeae,bss10,bss,bss,10,10,8,"0,-1",flow_dpm-solver,4.0,5.0,2.0,0,1024,1024,reference_uniform50,50,uniform8,images/mini/p06_high_frequency_texture_bss10.png,schedules/mini/p06_high_frequency_texture_bss10.json,logs/mini/p06_high_frequency_texture_bss10.stdout.log,logs/mini/p06_high_frequency_texture_bss10.stderr.log,runtimes/mini/p06_high_frequency_texture_bss10.runtime.json,pending,,59629fdf790850797cb657bad014fce432bd713d,"?? Prompt.txt
?? bss_experiments/"
sana06b_bss_bds_v1_mini_p06_high_frequency_texture_bss20,Sana-0.6B,Sana_600M_1024px,Image Generation,None / not explicit,t2i,image,fixed_prompt_suite_official_sana_pipeline,native,p06_high_frequency_texture,high-frequency texture,A close view of woven tartan fabric with crisp red and green threads.,627f76e1eeae,bss20,bss,bss,20,20,18,"0,-1",flow_dpm-solver,4.0,5.0,2.0,0,1024,1024,reference_uniform50,50,uniform8,images/mini/p06_high_frequency_texture_bss20.png,schedules/mini/p06_high_frequency_texture_bss20.json,logs/mini/p06_high_frequency_texture_bss20.stdout.log,logs/mini/p06_high_frequency_texture_bss20.stderr.log,runtimes/mini/p06_high_frequency_texture_bss20.runtime.json,pending,,59629fdf790850797cb657bad014fce432bd713d,"?? Prompt.txt
?? bss_experiments/"
sana06b_bss_bds_v1_mini_p06_high_frequency_texture_bss30,Sana-0.6B,Sana_600M_1024px,Image Generation,None / not explicit,t2i,image,fixed_prompt_suite_official_sana_pipeline,native,p06_high_frequency_texture,high-frequency texture,A close view of woven tartan fabric with crisp red and green threads.,627f76e1eeae,bss30,bss,bss,30,30,28,"0,-1",flow_dpm-solver,4.0,5.0,2.0,0,1024,1024,reference_uniform50,50,uniform8,images/mini/p06_high_frequency_texture_bss30.png,schedules/mini/p06_high_frequency_texture_bss30.json,logs/mini/p06_high_frequency_texture_bss30.stdout.log,logs/mini/p06_high_frequency_texture_bss30.stderr.log,runtimes/mini/p06_high_frequency_texture_bss30.runtime.json,pending,,59629fdf790850797cb657bad014fce432bd713d,"?? Prompt.txt
?? bss_experiments/"
sana06b_bss_bds_v1_mini_p06_high_frequency_texture_bss40,Sana-0.6B,Sana_600M_1024px,Image Generation,None / not explicit,t2i,image,fixed_prompt_suite_official_sana_pipeline,native,p06_high_frequency_texture,high-frequency texture,A close view of woven tartan fabric with crisp red and green threads.,627f76e1eeae,bss40,bss,bss,40,40,38,"0,-1",flow_dpm-solver,4.0,5.0,2.0,0,1024,1024,reference_uniform50,50,uniform8,images/mini/p06_high_frequency_texture_bss40.png,schedules/mini/p06_high_frequency_texture_bss40.json,logs/mini/p06_high_frequency_texture_bss40.stdout.log,logs/mini/p06_high_frequency_texture_bss40.stderr.log,runtimes/mini/p06_high_frequency_texture_bss40.runtime.json,pending,,59629fdf790850797cb657bad014fce432bd713d,"?? Prompt.txt
?? bss_experiments/"
sana06b_bss_bds_v1_mini_p07_lighting_heavy_uniform8,Sana-0.6B,Sana_600M_1024px,Image Generation,None / not explicit,t2i,image,fixed_prompt_suite_official_sana_pipeline,native,p07_lighting_heavy,lighting-heavy scene,A glass greenhouse at dusk filled with warm string lights and mist.,15be613ba9a4,uniform8,uniform,uniform,8,8,,,flow_dpm-solver,4.0,5.0,2.0,0,1024,1024,reference_uniform50,50,uniform8,images/mini/p07_lighting_heavy_uniform8.png,schedules/mini/p07_lighting_heavy_uniform8.json,logs/mini/p07_lighting_heavy_uniform8.stdout.log,logs/mini/p07_lighting_heavy_uniform8.stderr.log,runtimes/mini/p07_lighting_heavy_uniform8.runtime.json,pending,,59629fdf790850797cb657bad014fce432bd713d,"?? Prompt.txt
?? bss_experiments/"
sana06b_bss_bds_v1_mini_p07_lighting_heavy_uniform10,Sana-0.6B,Sana_600M_1024px,Image Generation,None / not explicit,t2i,image,fixed_prompt_suite_official_sana_pipeline,native,p07_lighting_heavy,lighting-heavy scene,A glass greenhouse at dusk filled with warm string lights and mist.,15be613ba9a4,uniform10,uniform,uniform,10,10,,,flow_dpm-solver,4.0,5.0,2.0,0,1024,1024,reference_uniform50,50,uniform8,images/mini/p07_lighting_heavy_uniform10.png,schedules/mini/p07_lighting_heavy_uniform10.json,logs/mini/p07_lighting_heavy_uniform10.stdout.log,logs/mini/p07_lighting_heavy_uniform10.stderr.log,runtimes/mini/p07_lighting_heavy_uniform10.runtime.json,pending,,59629fdf790850797cb657bad014fce432bd713d,"?? Prompt.txt
?? bss_experiments/"
sana06b_bss_bds_v1_mini_p07_lighting_heavy_uniform20,Sana-0.6B,Sana_600M_1024px,Image Generation,None / not explicit,t2i,image,fixed_prompt_suite_official_sana_pipeline,native,p07_lighting_heavy,lighting-heavy scene,A glass greenhouse at dusk filled with warm string lights and mist.,15be613ba9a4,uniform20,uniform,uniform,20,20,,,flow_dpm-solver,4.0,5.0,2.0,0,1024,1024,reference_uniform50,50,uniform8,images/mini/p07_lighting_heavy_uniform20.png,schedules/mini/p07_lighting_heavy_uniform20.json,logs/mini/p07_lighting_heavy_uniform20.stdout.log,logs/mini/p07_lighting_heavy_uniform20.stderr.log,runtimes/mini/p07_lighting_heavy_uniform20.runtime.json,pending,,59629fdf790850797cb657bad014fce432bd713d,"?? Prompt.txt
?? bss_experiments/"
sana06b_bss_bds_v1_mini_p07_lighting_heavy_uniform30,Sana-0.6B,Sana_600M_1024px,Image Generation,None / not explicit,t2i,image,fixed_prompt_suite_official_sana_pipeline,native,p07_lighting_heavy,lighting-heavy scene,A glass greenhouse at dusk filled with warm string lights and mist.,15be613ba9a4,uniform30,uniform,uniform,30,30,,,flow_dpm-solver,4.0,5.0,2.0,0,1024,1024,reference_uniform50,50,uniform8,images/mini/p07_lighting_heavy_uniform30.png,schedules/mini/p07_lighting_heavy_uniform30.json,logs/mini/p07_lighting_heavy_uniform30.stdout.log,logs/mini/p07_lighting_heavy_uniform30.stderr.log,runtimes/mini/p07_lighting_heavy_uniform30.runtime.json,pending,,59629fdf790850797cb657bad014fce432bd713d,"?? Prompt.txt
?? bss_experiments/"
sana06b_bss_bds_v1_mini_p07_lighting_heavy_uniform40,Sana-0.6B,Sana_600M_1024px,Image Generation,None / not explicit,t2i,image,fixed_prompt_suite_official_sana_pipeline,native,p07_lighting_heavy,lighting-heavy scene,A glass greenhouse at dusk filled with warm string lights and mist.,15be613ba9a4,uniform40,uniform,uniform,40,40,,,flow_dpm-solver,4.0,5.0,2.0,0,1024,1024,reference_uniform50,50,uniform8,images/mini/p07_lighting_heavy_uniform40.png,schedules/mini/p07_lighting_heavy_uniform40.json,logs/mini/p07_lighting_heavy_uniform40.stdout.log,logs/mini/p07_lighting_heavy_uniform40.stderr.log,runtimes/mini/p07_lighting_heavy_uniform40.runtime.json,pending,,59629fdf790850797cb657bad014fce432bd713d,"?? Prompt.txt
?? bss_experiments/"
sana06b_bss_bds_v1_mini_p07_lighting_heavy_reference_uniform50,Sana-0.6B,Sana_600M_1024px,Image Generation,None / not explicit,t2i,image,fixed_prompt_suite_official_sana_pipeline,native,p07_lighting_heavy,lighting-heavy scene,A glass greenhouse at dusk filled with warm string lights and mist.,15be613ba9a4,reference_uniform50,reference,uniform,50,50,,,flow_dpm-solver,4.0,5.0,2.0,0,1024,1024,reference_uniform50,50,uniform8,images/mini/p07_lighting_heavy_reference_uniform50.png,schedules/mini/p07_lighting_heavy_reference_uniform50.json,logs/mini/p07_lighting_heavy_reference_uniform50.stdout.log,logs/mini/p07_lighting_heavy_reference_uniform50.stderr.log,runtimes/mini/p07_lighting_heavy_reference_uniform50.runtime.json,pending,,59629fdf790850797cb657bad014fce432bd713d,"?? Prompt.txt
?? bss_experiments/"
sana06b_bss_bds_v1_mini_p07_lighting_heavy_bss10,Sana-0.6B,Sana_600M_1024px,Image Generation,None / not explicit,t2i,image,fixed_prompt_suite_official_sana_pipeline,native,p07_lighting_heavy,lighting-heavy scene,A glass greenhouse at dusk filled with warm string lights and mist.,15be613ba9a4,bss10,bss,bss,10,10,8,"0,-1",flow_dpm-solver,4.0,5.0,2.0,0,1024,1024,reference_uniform50,50,uniform8,images/mini/p07_lighting_heavy_bss10.png,schedules/mini/p07_lighting_heavy_bss10.json,logs/mini/p07_lighting_heavy_bss10.stdout.log,logs/mini/p07_lighting_heavy_bss10.stderr.log,runtimes/mini/p07_lighting_heavy_bss10.runtime.json,pending,,59629fdf790850797cb657bad014fce432bd713d,"?? Prompt.txt
?? bss_experiments/"
sana06b_bss_bds_v1_mini_p07_lighting_heavy_bss20,Sana-0.6B,Sana_600M_1024px,Image Generation,None / not explicit,t2i,image,fixed_prompt_suite_official_sana_pipeline,native,p07_lighting_heavy,lighting-heavy scene,A glass greenhouse at dusk filled with warm string lights and mist.,15be613ba9a4,bss20,bss,bss,20,20,18,"0,-1",flow_dpm-solver,4.0,5.0,2.0,0,1024,1024,reference_uniform50,50,uniform8,images/mini/p07_lighting_heavy_bss20.png,schedules/mini/p07_lighting_heavy_bss20.json,logs/mini/p07_lighting_heavy_bss20.stdout.log,logs/mini/p07_lighting_heavy_bss20.stderr.log,runtimes/mini/p07_lighting_heavy_bss20.runtime.json,pending,,59629fdf790850797cb657bad014fce432bd713d,"?? Prompt.txt
?? bss_experiments/"
sana06b_bss_bds_v1_mini_p07_lighting_heavy_bss30,Sana-0.6B,Sana_600M_1024px,Image Generation,None / not explicit,t2i,image,fixed_prompt_suite_official_sana_pipeline,native,p07_lighting_heavy,lighting-heavy scene,A glass greenhouse at dusk filled with warm string lights and mist.,15be613ba9a4,bss30,bss,bss,30,30,28,"0,-1",flow_dpm-solver,4.0,5.0,2.0,0,1024,1024,reference_uniform50,50,uniform8,images/mini/p07_lighting_heavy_bss30.png,schedules/mini/p07_lighting_heavy_bss30.json,logs/mini/p07_lighting_heavy_bss30.stdout.log,logs/mini/p07_lighting_heavy_bss30.stderr.log,runtimes/mini/p07_lighting_heavy_bss30.runtime.json,pending,,59629fdf790850797cb657bad014fce432bd713d,"?? Prompt.txt
?? bss_experiments/"
sana06b_bss_bds_v1_mini_p07_lighting_heavy_bss40,Sana-0.6B,Sana_600M_1024px,Image Generation,None / not explicit,t2i,image,fixed_prompt_suite_official_sana_pipeline,native,p07_lighting_heavy,lighting-heavy scene,A glass greenhouse at dusk filled with warm string lights and mist.,15be613ba9a4,bss40,bss,bss,40,40,38,"0,-1",flow_dpm-solver,4.0,5.0,2.0,0,1024,1024,reference_uniform50,50,uniform8,images/mini/p07_lighting_heavy_bss40.png,schedules/mini/p07_lighting_heavy_bss40.json,logs/mini/p07_lighting_heavy_bss40.stdout.log,logs/mini/p07_lighting_heavy_bss40.stderr.log,runtimes/mini/p07_lighting_heavy_bss40.runtime.json,pending,,59629fdf790850797cb657bad014fce432bd713d,"?? Prompt.txt
?? bss_experiments/"
sana06b_bss_bds_v1_mini_p08_text_sign_uniform8,Sana-0.6B,Sana_600M_1024px,Image Generation,None / not explicit,t2i,image,fixed_prompt_suite_official_sana_pipeline,native,p08_text_sign,text/sign prompt,"A storefront sign that clearly says ""SANA LAB"" above a small flower shop.",f9913e7b24a2,uniform8,uniform,uniform,8,8,,,flow_dpm-solver,4.0,5.0,2.0,0,1024,1024,reference_uniform50,50,uniform8,images/mini/p08_text_sign_uniform8.png,schedules/mini/p08_text_sign_uniform8.json,logs/mini/p08_text_sign_uniform8.stdout.log,logs/mini/p08_text_sign_uniform8.stderr.log,runtimes/mini/p08_text_sign_uniform8.runtime.json,pending,,59629fdf790850797cb657bad014fce432bd713d,"?? Prompt.txt
?? bss_experiments/"
sana06b_bss_bds_v1_mini_p08_text_sign_uniform10,Sana-0.6B,Sana_600M_1024px,Image Generation,None / not explicit,t2i,image,fixed_prompt_suite_official_sana_pipeline,native,p08_text_sign,text/sign prompt,"A storefront sign that clearly says ""SANA LAB"" above a small flower shop.",f9913e7b24a2,uniform10,uniform,uniform,10,10,,,flow_dpm-solver,4.0,5.0,2.0,0,1024,1024,reference_uniform50,50,uniform8,images/mini/p08_text_sign_uniform10.png,schedules/mini/p08_text_sign_uniform10.json,logs/mini/p08_text_sign_uniform10.stdout.log,logs/mini/p08_text_sign_uniform10.stderr.log,runtimes/mini/p08_text_sign_uniform10.runtime.json,pending,,59629fdf790850797cb657bad014fce432bd713d,"?? Prompt.txt
?? bss_experiments/"
sana06b_bss_bds_v1_mini_p08_text_sign_uniform20,Sana-0.6B,Sana_600M_1024px,Image Generation,None / not explicit,t2i,image,fixed_prompt_suite_official_sana_pipeline,native,p08_text_sign,text/sign prompt,"A storefront sign that clearly says ""SANA LAB"" above a small flower shop.",f9913e7b24a2,uniform20,uniform,uniform,20,20,,,flow_dpm-solver,4.0,5.0,2.0,0,1024,1024,reference_uniform50,50,uniform8,images/mini/p08_text_sign_uniform20.png,schedules/mini/p08_text_sign_uniform20.json,logs/mini/p08_text_sign_uniform20.stdout.log,logs/mini/p08_text_sign_uniform20.stderr.log,runtimes/mini/p08_text_sign_uniform20.runtime.json,pending,,59629fdf790850797cb657bad014fce432bd713d,"?? Prompt.txt
?? bss_experiments/"
sana06b_bss_bds_v1_mini_p08_text_sign_uniform30,Sana-0.6B,Sana_600M_1024px,Image Generation,None / not explicit,t2i,image,fixed_prompt_suite_official_sana_pipeline,native,p08_text_sign,text/sign prompt,"A storefront sign that clearly says ""SANA LAB"" above a small flower shop.",f9913e7b24a2,uniform30,uniform,uniform,30,30,,,flow_dpm-solver,4.0,5.0,2.0,0,1024,1024,reference_uniform50,50,uniform8,images/mini/p08_text_sign_uniform30.png,schedules/mini/p08_text_sign_uniform30.json,logs/mini/p08_text_sign_uniform30.stdout.log,logs/mini/p08_text_sign_uniform30.stderr.log,runtimes/mini/p08_text_sign_uniform30.runtime.json,pending,,59629fdf790850797cb657bad014fce432bd713d,"?? Prompt.txt
?? bss_experiments/"
sana06b_bss_bds_v1_mini_p08_text_sign_uniform40,Sana-0.6B,Sana_600M_1024px,Image Generation,None / not explicit,t2i,image,fixed_prompt_suite_official_sana_pipeline,native,p08_text_sign,text/sign prompt,"A storefront sign that clearly says ""SANA LAB"" above a small flower shop.",f9913e7b24a2,uniform40,uniform,uniform,40,40,,,flow_dpm-solver,4.0,5.0,2.0,0,1024,1024,reference_uniform50,50,uniform8,images/mini/p08_text_sign_uniform40.png,schedules/mini/p08_text_sign_uniform40.json,logs/mini/p08_text_sign_uniform40.stdout.log,logs/mini/p08_text_sign_uniform40.stderr.log,runtimes/mini/p08_text_sign_uniform40.runtime.json,pending,,59629fdf790850797cb657bad014fce432bd713d,"?? Prompt.txt
?? bss_experiments/"
sana06b_bss_bds_v1_mini_p08_text_sign_reference_uniform50,Sana-0.6B,Sana_600M_1024px,Image Generation,None / not explicit,t2i,image,fixed_prompt_suite_official_sana_pipeline,native,p08_text_sign,text/sign prompt,"A storefront sign that clearly says ""SANA LAB"" above a small flower shop.",f9913e7b24a2,reference_uniform50,reference,uniform,50,50,,,flow_dpm-solver,4.0,5.0,2.0,0,1024,1024,reference_uniform50,50,uniform8,images/mini/p08_text_sign_reference_uniform50.png,schedules/mini/p08_text_sign_reference_uniform50.json,logs/mini/p08_text_sign_reference_uniform50.stdout.log,logs/mini/p08_text_sign_reference_uniform50.stderr.log,runtimes/mini/p08_text_sign_reference_uniform50.runtime.json,pending,,59629fdf790850797cb657bad014fce432bd713d,"?? Prompt.txt
?? bss_experiments/"
sana06b_bss_bds_v1_mini_p08_text_sign_bss10,Sana-0.6B,Sana_600M_1024px,Image Generation,None / not explicit,t2i,image,fixed_prompt_suite_official_sana_pipeline,native,p08_text_sign,text/sign prompt,"A storefront sign that clearly says ""SANA LAB"" above a small flower shop.",f9913e7b24a2,bss10,bss,bss,10,10,8,"0,-1",flow_dpm-solver,4.0,5.0,2.0,0,1024,1024,reference_uniform50,50,uniform8,images/mini/p08_text_sign_bss10.png,schedules/mini/p08_text_sign_bss10.json,logs/mini/p08_text_sign_bss10.stdout.log,logs/mini/p08_text_sign_bss10.stderr.log,runtimes/mini/p08_text_sign_bss10.runtime.json,pending,,59629fdf790850797cb657bad014fce432bd713d,"?? Prompt.txt
?? bss_experiments/"
sana06b_bss_bds_v1_mini_p08_text_sign_bss20,Sana-0.6B,Sana_600M_1024px,Image Generation,None / not explicit,t2i,image,fixed_prompt_suite_official_sana_pipeline,native,p08_text_sign,text/sign prompt,"A storefront sign that clearly says ""SANA LAB"" above a small flower shop.",f9913e7b24a2,bss20,bss,bss,20,20,18,"0,-1",flow_dpm-solver,4.0,5.0,2.0,0,1024,1024,reference_uniform50,50,uniform8,images/mini/p08_text_sign_bss20.png,schedules/mini/p08_text_sign_bss20.json,logs/mini/p08_text_sign_bss20.stdout.log,logs/mini/p08_text_sign_bss20.stderr.log,runtimes/mini/p08_text_sign_bss20.runtime.json,pending,,59629fdf790850797cb657bad014fce432bd713d,"?? Prompt.txt
?? bss_experiments/"
sana06b_bss_bds_v1_mini_p08_text_sign_bss30,Sana-0.6B,Sana_600M_1024px,Image Generation,None / not explicit,t2i,image,fixed_prompt_suite_official_sana_pipeline,native,p08_text_sign,text/sign prompt,"A storefront sign that clearly says ""SANA LAB"" above a small flower shop.",f9913e7b24a2,bss30,bss,bss,30,30,28,"0,-1",flow_dpm-solver,4.0,5.0,2.0,0,1024,1024,reference_uniform50,50,uniform8,images/mini/p08_text_sign_bss30.png,schedules/mini/p08_text_sign_bss30.json,logs/mini/p08_text_sign_bss30.stdout.log,logs/mini/p08_text_sign_bss30.stderr.log,runtimes/mini/p08_text_sign_bss30.runtime.json,pending,,59629fdf790850797cb657bad014fce432bd713d,"?? Prompt.txt
?? bss_experiments/"
sana06b_bss_bds_v1_mini_p08_text_sign_bss40,Sana-0.6B,Sana_600M_1024px,Image Generation,None / not explicit,t2i,image,fixed_prompt_suite_official_sana_pipeline,native,p08_text_sign,text/sign prompt,"A storefront sign that clearly says ""SANA LAB"" above a small flower shop.",f9913e7b24a2,bss40,bss,bss,40,40,38,"0,-1",flow_dpm-solver,4.0,5.0,2.0,0,1024,1024,reference_uniform50,50,uniform8,images/mini/p08_text_sign_bss40.png,schedules/mini/p08_text_sign_bss40.json,logs/mini/p08_text_sign_bss40.stdout.log,logs/mini/p08_text_sign_bss40.stderr.log,runtimes/mini/p08_text_sign_bss40.runtime.json,pending,,59629fdf790850797cb657bad014fce432bd713d,"?? Prompt.txt
?? bss_experiments/"
sana06b_bss_bds_v1_mini_p09_surreal_fantasy_uniform8,Sana-0.6B,Sana_600M_1024px,Image Generation,None / not explicit,t2i,image,fixed_prompt_suite_official_sana_pipeline,native,p09_surreal_fantasy,surreal fantasy,"A floating island with tiny waterfalls under two moons, painterly but sharp.",0bb7a10ee2de,uniform8,uniform,uniform,8,8,,,flow_dpm-solver,4.0,5.0,2.0,0,1024,1024,reference_uniform50,50,uniform8,images/mini/p09_surreal_fantasy_uniform8.png,schedules/mini/p09_surreal_fantasy_uniform8.json,logs/mini/p09_surreal_fantasy_uniform8.stdout.log,logs/mini/p09_surreal_fantasy_uniform8.stderr.log,runtimes/mini/p09_surreal_fantasy_uniform8.runtime.json,pending,,59629fdf790850797cb657bad014fce432bd713d,"?? Prompt.txt
?? bss_experiments/"
sana06b_bss_bds_v1_mini_p09_surreal_fantasy_uniform10,Sana-0.6B,Sana_600M_1024px,Image Generation,None / not explicit,t2i,image,fixed_prompt_suite_official_sana_pipeline,native,p09_surreal_fantasy,surreal fantasy,"A floating island with tiny waterfalls under two moons, painterly but sharp.",0bb7a10ee2de,uniform10,uniform,uniform,10,10,,,flow_dpm-solver,4.0,5.0,2.0,0,1024,1024,reference_uniform50,50,uniform8,images/mini/p09_surreal_fantasy_uniform10.png,schedules/mini/p09_surreal_fantasy_uniform10.json,logs/mini/p09_surreal_fantasy_uniform10.stdout.log,logs/mini/p09_surreal_fantasy_uniform10.stderr.log,runtimes/mini/p09_surreal_fantasy_uniform10.runtime.json,pending,,59629fdf790850797cb657bad014fce432bd713d,"?? Prompt.txt
?? bss_experiments/"
sana06b_bss_bds_v1_mini_p09_surreal_fantasy_uniform20,Sana-0.6B,Sana_600M_1024px,Image Generation,None / not explicit,t2i,image,fixed_prompt_suite_official_sana_pipeline,native,p09_surreal_fantasy,surreal fantasy,"A floating island with tiny waterfalls under two moons, painterly but sharp.",0bb7a10ee2de,uniform20,uniform,uniform,20,20,,,flow_dpm-solver,4.0,5.0,2.0,0,1024,1024,reference_uniform50,50,uniform8,images/mini/p09_surreal_fantasy_uniform20.png,schedules/mini/p09_surreal_fantasy_uniform20.json,logs/mini/p09_surreal_fantasy_uniform20.stdout.log,logs/mini/p09_surreal_fantasy_uniform20.stderr.log,runtimes/mini/p09_surreal_fantasy_uniform20.runtime.json,pending,,59629fdf790850797cb657bad014fce432bd713d,"?? Prompt.txt
?? bss_experiments/"
sana06b_bss_bds_v1_mini_p09_surreal_fantasy_uniform30,Sana-0.6B,Sana_600M_1024px,Image Generation,None / not explicit,t2i,image,fixed_prompt_suite_official_sana_pipeline,native,p09_surreal_fantasy,surreal fantasy,"A floating island with tiny waterfalls under two moons, painterly but sharp.",0bb7a10ee2de,uniform30,uniform,uniform,30,30,,,flow_dpm-solver,4.0,5.0,2.0,0,1024,1024,reference_uniform50,50,uniform8,images/mini/p09_surreal_fantasy_uniform30.png,schedules/mini/p09_surreal_fantasy_uniform30.json,logs/mini/p09_surreal_fantasy_uniform30.stdout.log,logs/mini/p09_surreal_fantasy_uniform30.stderr.log,runtimes/mini/p09_surreal_fantasy_uniform30.runtime.json,pending,,59629fdf790850797cb657bad014fce432bd713d,"?? Prompt.txt
?? bss_experiments/"
sana06b_bss_bds_v1_mini_p09_surreal_fantasy_uniform40,Sana-0.6B,Sana_600M_1024px,Image Generation,None / not explicit,t2i,image,fixed_prompt_suite_official_sana_pipeline,native,p09_surreal_fantasy,surreal fantasy,"A floating island with tiny waterfalls under two moons, painterly but sharp.",0bb7a10ee2de,uniform40,uniform,uniform,40,40,,,flow_dpm-solver,4.0,5.0,2.0,0,1024,1024,reference_uniform50,50,uniform8,images/mini/p09_surreal_fantasy_uniform40.png,schedules/mini/p09_surreal_fantasy_uniform40.json,logs/mini/p09_surreal_fantasy_uniform40.stdout.log,logs/mini/p09_surreal_fantasy_uniform40.stderr.log,runtimes/mini/p09_surreal_fantasy_uniform40.runtime.json,pending,,59629fdf790850797cb657bad014fce432bd713d,"?? Prompt.txt
?? bss_experiments/"
sana06b_bss_bds_v1_mini_p09_surreal_fantasy_reference_uniform50,Sana-0.6B,Sana_600M_1024px,Image Generation,None / not explicit,t2i,image,fixed_prompt_suite_official_sana_pipeline,native,p09_surreal_fantasy,surreal fantasy,"A floating island with tiny waterfalls under two moons, painterly but sharp.",0bb7a10ee2de,reference_uniform50,reference,uniform,50,50,,,flow_dpm-solver,4.0,5.0,2.0,0,1024,1024,reference_uniform50,50,uniform8,images/mini/p09_surreal_fantasy_reference_uniform50.png,schedules/mini/p09_surreal_fantasy_reference_uniform50.json,logs/mini/p09_surreal_fantasy_reference_uniform50.stdout.log,logs/mini/p09_surreal_fantasy_reference_uniform50.stderr.log,runtimes/mini/p09_surreal_fantasy_reference_uniform50.runtime.json,pending,,59629fdf790850797cb657bad014fce432bd713d,"?? Prompt.txt
?? bss_experiments/"
sana06b_bss_bds_v1_mini_p09_surreal_fantasy_bss10,Sana-0.6B,Sana_600M_1024px,Image Generation,None / not explicit,t2i,image,fixed_prompt_suite_official_sana_pipeline,native,p09_surreal_fantasy,surreal fantasy,"A floating island with tiny waterfalls under two moons, painterly but sharp.",0bb7a10ee2de,bss10,bss,bss,10,10,8,"0,-1",flow_dpm-solver,4.0,5.0,2.0,0,1024,1024,reference_uniform50,50,uniform8,images/mini/p09_surreal_fantasy_bss10.png,schedules/mini/p09_surreal_fantasy_bss10.json,logs/mini/p09_surreal_fantasy_bss10.stdout.log,logs/mini/p09_surreal_fantasy_bss10.stderr.log,runtimes/mini/p09_surreal_fantasy_bss10.runtime.json,pending,,59629fdf790850797cb657bad014fce432bd713d,"?? Prompt.txt
?? bss_experiments/"
sana06b_bss_bds_v1_mini_p09_surreal_fantasy_bss20,Sana-0.6B,Sana_600M_1024px,Image Generation,None / not explicit,t2i,image,fixed_prompt_suite_official_sana_pipeline,native,p09_surreal_fantasy,surreal fantasy,"A floating island with tiny waterfalls under two moons, painterly but sharp.",0bb7a10ee2de,bss20,bss,bss,20,20,18,"0,-1",flow_dpm-solver,4.0,5.0,2.0,0,1024,1024,reference_uniform50,50,uniform8,images/mini/p09_surreal_fantasy_bss20.png,schedules/mini/p09_surreal_fantasy_bss20.json,logs/mini/p09_surreal_fantasy_bss20.stdout.log,logs/mini/p09_surreal_fantasy_bss20.stderr.log,runtimes/mini/p09_surreal_fantasy_bss20.runtime.json,pending,,59629fdf790850797cb657bad014fce432bd713d,"?? Prompt.txt
?? bss_experiments/"
sana06b_bss_bds_v1_mini_p09_surreal_fantasy_bss30,Sana-0.6B,Sana_600M_1024px,Image Generation,None / not explicit,t2i,image,fixed_prompt_suite_official_sana_pipeline,native,p09_surreal_fantasy,surreal fantasy,"A floating island with tiny waterfalls under two moons, painterly but sharp.",0bb7a10ee2de,bss30,bss,bss,30,30,28,"0,-1",flow_dpm-solver,4.0,5.0,2.0,0,1024,1024,reference_uniform50,50,uniform8,images/mini/p09_surreal_fantasy_bss30.png,schedules/mini/p09_surreal_fantasy_bss30.json,logs/mini/p09_surreal_fantasy_bss30.stdout.log,logs/mini/p09_surreal_fantasy_bss30.stderr.log,runtimes/mini/p09_surreal_fantasy_bss30.runtime.json,pending,,59629fdf790850797cb657bad014fce432bd713d,"?? Prompt.txt
?? bss_experiments/"
sana06b_bss_bds_v1_mini_p09_surreal_fantasy_bss40,Sana-0.6B,Sana_600M_1024px,Image Generation,None / not explicit,t2i,image,fixed_prompt_suite_official_sana_pipeline,native,p09_surreal_fantasy,surreal fantasy,"A floating island with tiny waterfalls under two moons, painterly but sharp.",0bb7a10ee2de,bss40,bss,bss,40,40,38,"0,-1",flow_dpm-solver,4.0,5.0,2.0,0,1024,1024,reference_uniform50,50,uniform8,images/mini/p09_surreal_fantasy_bss40.png,schedules/mini/p09_surreal_fantasy_bss40.json,logs/mini/p09_surreal_fantasy_bss40.stdout.log,logs/mini/p09_surreal_fantasy_bss40.stderr.log,runtimes/mini/p09_surreal_fantasy_bss40.runtime.json,pending,,59629fdf790850797cb657bad014fce432bd713d,"?? Prompt.txt
?? bss_experiments/"
sana06b_bss_bds_v1_mini_p10_architecture_uniform8,Sana-0.6B,Sana_600M_1024px,Image Generation,None / not explicit,t2i,image,fixed_prompt_suite_official_sana_pipeline,native,p10_architecture,architecture,"A modern concrete library with tall arches, reflected in polished black stone.",1ed1ce312543,uniform8,uniform,uniform,8,8,,,flow_dpm-solver,4.0,5.0,2.0,0,1024,1024,reference_uniform50,50,uniform8,images/mini/p10_architecture_uniform8.png,schedules/mini/p10_architecture_uniform8.json,logs/mini/p10_architecture_uniform8.stdout.log,logs/mini/p10_architecture_uniform8.stderr.log,runtimes/mini/p10_architecture_uniform8.runtime.json,pending,,59629fdf790850797cb657bad014fce432bd713d,"?? Prompt.txt
?? bss_experiments/"
sana06b_bss_bds_v1_mini_p10_architecture_uniform10,Sana-0.6B,Sana_600M_1024px,Image Generation,None / not explicit,t2i,image,fixed_prompt_suite_official_sana_pipeline,native,p10_architecture,architecture,"A modern concrete library with tall arches, reflected in polished black stone.",1ed1ce312543,uniform10,uniform,uniform,10,10,,,flow_dpm-solver,4.0,5.0,2.0,0,1024,1024,reference_uniform50,50,uniform8,images/mini/p10_architecture_uniform10.png,schedules/mini/p10_architecture_uniform10.json,logs/mini/p10_architecture_uniform10.stdout.log,logs/mini/p10_architecture_uniform10.stderr.log,runtimes/mini/p10_architecture_uniform10.runtime.json,pending,,59629fdf790850797cb657bad014fce432bd713d,"?? Prompt.txt
?? bss_experiments/"
sana06b_bss_bds_v1_mini_p10_architecture_uniform20,Sana-0.6B,Sana_600M_1024px,Image Generation,None / not explicit,t2i,image,fixed_prompt_suite_official_sana_pipeline,native,p10_architecture,architecture,"A modern concrete library with tall arches, reflected in polished black stone.",1ed1ce312543,uniform20,uniform,uniform,20,20,,,flow_dpm-solver,4.0,5.0,2.0,0,1024,1024,reference_uniform50,50,uniform8,images/mini/p10_architecture_uniform20.png,schedules/mini/p10_architecture_uniform20.json,logs/mini/p10_architecture_uniform20.stdout.log,logs/mini/p10_architecture_uniform20.stderr.log,runtimes/mini/p10_architecture_uniform20.runtime.json,pending,,59629fdf790850797cb657bad014fce432bd713d,"?? Prompt.txt
?? bss_experiments/"
sana06b_bss_bds_v1_mini_p10_architecture_uniform30,Sana-0.6B,Sana_600M_1024px,Image Generation,None / not explicit,t2i,image,fixed_prompt_suite_official_sana_pipeline,native,p10_architecture,architecture,"A modern concrete library with tall arches, reflected in polished black stone.",1ed1ce312543,uniform30,uniform,uniform,30,30,,,flow_dpm-solver,4.0,5.0,2.0,0,1024,1024,reference_uniform50,50,uniform8,images/mini/p10_architecture_uniform30.png,schedules/mini/p10_architecture_uniform30.json,logs/mini/p10_architecture_uniform30.stdout.log,logs/mini/p10_architecture_uniform30.stderr.log,runtimes/mini/p10_architecture_uniform30.runtime.json,pending,,59629fdf790850797cb657bad014fce432bd713d,"?? Prompt.txt
?? bss_experiments/"
sana06b_bss_bds_v1_mini_p10_architecture_uniform40,Sana-0.6B,Sana_600M_1024px,Image Generation,None / not explicit,t2i,image,fixed_prompt_suite_official_sana_pipeline,native,p10_architecture,architecture,"A modern concrete library with tall arches, reflected in polished black stone.",1ed1ce312543,uniform40,uniform,uniform,40,40,,,flow_dpm-solver,4.0,5.0,2.0,0,1024,1024,reference_uniform50,50,uniform8,images/mini/p10_architecture_uniform40.png,schedules/mini/p10_architecture_uniform40.json,logs/mini/p10_architecture_uniform40.stdout.log,logs/mini/p10_architecture_uniform40.stderr.log,runtimes/mini/p10_architecture_uniform40.runtime.json,pending,,59629fdf790850797cb657bad014fce432bd713d,"?? Prompt.txt
?? bss_experiments/"
sana06b_bss_bds_v1_mini_p10_architecture_reference_uniform50,Sana-0.6B,Sana_600M_1024px,Image Generation,None / not explicit,t2i,image,fixed_prompt_suite_official_sana_pipeline,native,p10_architecture,architecture,"A modern concrete library with tall arches, reflected in polished black stone.",1ed1ce312543,reference_uniform50,reference,uniform,50,50,,,flow_dpm-solver,4.0,5.0,2.0,0,1024,1024,reference_uniform50,50,uniform8,images/mini/p10_architecture_reference_uniform50.png,schedules/mini/p10_architecture_reference_uniform50.json,logs/mini/p10_architecture_reference_uniform50.stdout.log,logs/mini/p10_architecture_reference_uniform50.stderr.log,runtimes/mini/p10_architecture_reference_uniform50.runtime.json,pending,,59629fdf790850797cb657bad014fce432bd713d,"?? Prompt.txt
?? bss_experiments/"
sana06b_bss_bds_v1_mini_p10_architecture_bss10,Sana-0.6B,Sana_600M_1024px,Image Generation,None / not explicit,t2i,image,fixed_prompt_suite_official_sana_pipeline,native,p10_architecture,architecture,"A modern concrete library with tall arches, reflected in polished black stone.",1ed1ce312543,bss10,bss,bss,10,10,8,"0,-1",flow_dpm-solver,4.0,5.0,2.0,0,1024,1024,reference_uniform50,50,uniform8,images/mini/p10_architecture_bss10.png,schedules/mini/p10_architecture_bss10.json,logs/mini/p10_architecture_bss10.stdout.log,logs/mini/p10_architecture_bss10.stderr.log,runtimes/mini/p10_architecture_bss10.runtime.json,pending,,59629fdf790850797cb657bad014fce432bd713d,"?? Prompt.txt
?? bss_experiments/"
sana06b_bss_bds_v1_mini_p10_architecture_bss20,Sana-0.6B,Sana_600M_1024px,Image Generation,None / not explicit,t2i,image,fixed_prompt_suite_official_sana_pipeline,native,p10_architecture,architecture,"A modern concrete library with tall arches, reflected in polished black stone.",1ed1ce312543,bss20,bss,bss,20,20,18,"0,-1",flow_dpm-solver,4.0,5.0,2.0,0,1024,1024,reference_uniform50,50,uniform8,images/mini/p10_architecture_bss20.png,schedules/mini/p10_architecture_bss20.json,logs/mini/p10_architecture_bss20.stdout.log,logs/mini/p10_architecture_bss20.stderr.log,runtimes/mini/p10_architecture_bss20.runtime.json,pending,,59629fdf790850797cb657bad014fce432bd713d,"?? Prompt.txt
?? bss_experiments/"
sana06b_bss_bds_v1_mini_p10_architecture_bss30,Sana-0.6B,Sana_600M_1024px,Image Generation,None / not explicit,t2i,image,fixed_prompt_suite_official_sana_pipeline,native,p10_architecture,architecture,"A modern concrete library with tall arches, reflected in polished black stone.",1ed1ce312543,bss30,bss,bss,30,30,28,"0,-1",flow_dpm-solver,4.0,5.0,2.0,0,1024,1024,reference_uniform50,50,uniform8,images/mini/p10_architecture_bss30.png,schedules/mini/p10_architecture_bss30.json,logs/mini/p10_architecture_bss30.stdout.log,logs/mini/p10_architecture_bss30.stderr.log,runtimes/mini/p10_architecture_bss30.runtime.json,pending,,59629fdf790850797cb657bad014fce432bd713d,"?? Prompt.txt
?? bss_experiments/"
sana06b_bss_bds_v1_mini_p10_architecture_bss40,Sana-0.6B,Sana_600M_1024px,Image Generation,None / not explicit,t2i,image,fixed_prompt_suite_official_sana_pipeline,native,p10_architecture,architecture,"A modern concrete library with tall arches, reflected in polished black stone.",1ed1ce312543,bss40,bss,bss,40,40,38,"0,-1",flow_dpm-solver,4.0,5.0,2.0,0,1024,1024,reference_uniform50,50,uniform8,images/mini/p10_architecture_bss40.png,schedules/mini/p10_architecture_bss40.json,logs/mini/p10_architecture_bss40.stdout.log,logs/mini/p10_architecture_bss40.stderr.log,runtimes/mini/p10_architecture_bss40.runtime.json,pending,,59629fdf790850797cb657bad014fce432bd713d,"?? Prompt.txt
?? bss_experiments/"
sana06b_bss_bds_v1_mini_p11_food_product_uniform8,Sana-0.6B,Sana_600M_1024px,Image Generation,None / not explicit,t2i,image,fixed_prompt_suite_official_sana_pipeline,native,p11_food_product,food/product,A glossy product photo of a lemon tart on a white plate with mint garnish.,b025ba19895a,uniform8,uniform,uniform,8,8,,,flow_dpm-solver,4.0,5.0,2.0,0,1024,1024,reference_uniform50,50,uniform8,images/mini/p11_food_product_uniform8.png,schedules/mini/p11_food_product_uniform8.json,logs/mini/p11_food_product_uniform8.stdout.log,logs/mini/p11_food_product_uniform8.stderr.log,runtimes/mini/p11_food_product_uniform8.runtime.json,pending,,59629fdf790850797cb657bad014fce432bd713d,"?? Prompt.txt
?? bss_experiments/"
sana06b_bss_bds_v1_mini_p11_food_product_uniform10,Sana-0.6B,Sana_600M_1024px,Image Generation,None / not explicit,t2i,image,fixed_prompt_suite_official_sana_pipeline,native,p11_food_product,food/product,A glossy product photo of a lemon tart on a white plate with mint garnish.,b025ba19895a,uniform10,uniform,uniform,10,10,,,flow_dpm-solver,4.0,5.0,2.0,0,1024,1024,reference_uniform50,50,uniform8,images/mini/p11_food_product_uniform10.png,schedules/mini/p11_food_product_uniform10.json,logs/mini/p11_food_product_uniform10.stdout.log,logs/mini/p11_food_product_uniform10.stderr.log,runtimes/mini/p11_food_product_uniform10.runtime.json,pending,,59629fdf790850797cb657bad014fce432bd713d,"?? Prompt.txt
?? bss_experiments/"
sana06b_bss_bds_v1_mini_p11_food_product_uniform20,Sana-0.6B,Sana_600M_1024px,Image Generation,None / not explicit,t2i,image,fixed_prompt_suite_official_sana_pipeline,native,p11_food_product,food/product,A glossy product photo of a lemon tart on a white plate with mint garnish.,b025ba19895a,uniform20,uniform,uniform,20,20,,,flow_dpm-solver,4.0,5.0,2.0,0,1024,1024,reference_uniform50,50,uniform8,images/mini/p11_food_product_uniform20.png,schedules/mini/p11_food_product_uniform20.json,logs/mini/p11_food_product_uniform20.stdout.log,logs/mini/p11_food_product_uniform20.stderr.log,runtimes/mini/p11_food_product_uniform20.runtime.json,pending,,59629fdf790850797cb657bad014fce432bd713d,"?? Prompt.txt
?? bss_experiments/"
sana06b_bss_bds_v1_mini_p11_food_product_uniform30,Sana-0.6B,Sana_600M_1024px,Image Generation,None / not explicit,t2i,image,fixed_prompt_suite_official_sana_pipeline,native,p11_food_product,food/product,A glossy product photo of a lemon tart on a white plate with mint garnish.,b025ba19895a,uniform30,uniform,uniform,30,30,,,flow_dpm-solver,4.0,5.0,2.0,0,1024,1024,reference_uniform50,50,uniform8,images/mini/p11_food_product_uniform30.png,schedules/mini/p11_food_product_uniform30.json,logs/mini/p11_food_product_uniform30.stdout.log,logs/mini/p11_food_product_uniform30.stderr.log,runtimes/mini/p11_food_product_uniform30.runtime.json,pending,,59629fdf790850797cb657bad014fce432bd713d,"?? Prompt.txt
?? bss_experiments/"
sana06b_bss_bds_v1_mini_p11_food_product_uniform40,Sana-0.6B,Sana_600M_1024px,Image Generation,None / not explicit,t2i,image,fixed_prompt_suite_official_sana_pipeline,native,p11_food_product,food/product,A glossy product photo of a lemon tart on a white plate with mint garnish.,b025ba19895a,uniform40,uniform,uniform,40,40,,,flow_dpm-solver,4.0,5.0,2.0,0,1024,1024,reference_uniform50,50,uniform8,images/mini/p11_food_product_uniform40.png,schedules/mini/p11_food_product_uniform40.json,logs/mini/p11_food_product_uniform40.stdout.log,logs/mini/p11_food_product_uniform40.stderr.log,runtimes/mini/p11_food_product_uniform40.runtime.json,pending,,59629fdf790850797cb657bad014fce432bd713d,"?? Prompt.txt
?? bss_experiments/"
sana06b_bss_bds_v1_mini_p11_food_product_reference_uniform50,Sana-0.6B,Sana_600M_1024px,Image Generation,None / not explicit,t2i,image,fixed_prompt_suite_official_sana_pipeline,native,p11_food_product,food/product,A glossy product photo of a lemon tart on a white plate with mint garnish.,b025ba19895a,reference_uniform50,reference,uniform,50,50,,,flow_dpm-solver,4.0,5.0,2.0,0,1024,1024,reference_uniform50,50,uniform8,images/mini/p11_food_product_reference_uniform50.png,schedules/mini/p11_food_product_reference_uniform50.json,logs/mini/p11_food_product_reference_uniform50.stdout.log,logs/mini/p11_food_product_reference_uniform50.stderr.log,runtimes/mini/p11_food_product_reference_uniform50.runtime.json,pending,,59629fdf790850797cb657bad014fce432bd713d,"?? Prompt.txt
?? bss_experiments/"
sana06b_bss_bds_v1_mini_p11_food_product_bss10,Sana-0.6B,Sana_600M_1024px,Image Generation,None / not explicit,t2i,image,fixed_prompt_suite_official_sana_pipeline,native,p11_food_product,food/product,A glossy product photo of a lemon tart on a white plate with mint garnish.,b025ba19895a,bss10,bss,bss,10,10,8,"0,-1",flow_dpm-solver,4.0,5.0,2.0,0,1024,1024,reference_uniform50,50,uniform8,images/mini/p11_food_product_bss10.png,schedules/mini/p11_food_product_bss10.json,logs/mini/p11_food_product_bss10.stdout.log,logs/mini/p11_food_product_bss10.stderr.log,runtimes/mini/p11_food_product_bss10.runtime.json,pending,,59629fdf790850797cb657bad014fce432bd713d,"?? Prompt.txt
?? bss_experiments/"
sana06b_bss_bds_v1_mini_p11_food_product_bss20,Sana-0.6B,Sana_600M_1024px,Image Generation,None / not explicit,t2i,image,fixed_prompt_suite_official_sana_pipeline,native,p11_food_product,food/product,A glossy product photo of a lemon tart on a white plate with mint garnish.,b025ba19895a,bss20,bss,bss,20,20,18,"0,-1",flow_dpm-solver,4.0,5.0,2.0,0,1024,1024,reference_uniform50,50,uniform8,images/mini/p11_food_product_bss20.png,schedules/mini/p11_food_product_bss20.json,logs/mini/p11_food_product_bss20.stdout.log,logs/mini/p11_food_product_bss20.stderr.log,runtimes/mini/p11_food_product_bss20.runtime.json,pending,,59629fdf790850797cb657bad014fce432bd713d,"?? Prompt.txt
?? bss_experiments/"
sana06b_bss_bds_v1_mini_p11_food_product_bss30,Sana-0.6B,Sana_600M_1024px,Image Generation,None / not explicit,t2i,image,fixed_prompt_suite_official_sana_pipeline,native,p11_food_product,food/product,A glossy product photo of a lemon tart on a white plate with mint garnish.,b025ba19895a,bss30,bss,bss,30,30,28,"0,-1",flow_dpm-solver,4.0,5.0,2.0,0,1024,1024,reference_uniform50,50,uniform8,images/mini/p11_food_product_bss30.png,schedules/mini/p11_food_product_bss30.json,logs/mini/p11_food_product_bss30.stdout.log,logs/mini/p11_food_product_bss30.stderr.log,runtimes/mini/p11_food_product_bss30.runtime.json,pending,,59629fdf790850797cb657bad014fce432bd713d,"?? Prompt.txt
?? bss_experiments/"
sana06b_bss_bds_v1_mini_p11_food_product_bss40,Sana-0.6B,Sana_600M_1024px,Image Generation,None / not explicit,t2i,image,fixed_prompt_suite_official_sana_pipeline,native,p11_food_product,food/product,A glossy product photo of a lemon tart on a white plate with mint garnish.,b025ba19895a,bss40,bss,bss,40,40,38,"0,-1",flow_dpm-solver,4.0,5.0,2.0,0,1024,1024,reference_uniform50,50,uniform8,images/mini/p11_food_product_bss40.png,schedules/mini/p11_food_product_bss40.json,logs/mini/p11_food_product_bss40.stdout.log,logs/mini/p11_food_product_bss40.stderr.log,runtimes/mini/p11_food_product_bss40.runtime.json,pending,,59629fdf790850797cb657bad014fce432bd713d,"?? Prompt.txt
?? bss_experiments/"
sana06b_bss_bds_v1_mini_p12_macro_uniform8,Sana-0.6B,Sana_600M_1024px,Image Generation,None / not explicit,t2i,image,fixed_prompt_suite_official_sana_pipeline,native,p12_macro,close-up macro,A macro photograph of a dew-covered blue butterfly wing with fine detail.,b0901884e03f,uniform8,uniform,uniform,8,8,,,flow_dpm-solver,4.0,5.0,2.0,0,1024,1024,reference_uniform50,50,uniform8,images/mini/p12_macro_uniform8.png,schedules/mini/p12_macro_uniform8.json,logs/mini/p12_macro_uniform8.stdout.log,logs/mini/p12_macro_uniform8.stderr.log,runtimes/mini/p12_macro_uniform8.runtime.json,pending,,59629fdf790850797cb657bad014fce432bd713d,"?? Prompt.txt
?? bss_experiments/"
sana06b_bss_bds_v1_mini_p12_macro_uniform10,Sana-0.6B,Sana_600M_1024px,Image Generation,None / not explicit,t2i,image,fixed_prompt_suite_official_sana_pipeline,native,p12_macro,close-up macro,A macro photograph of a dew-covered blue butterfly wing with fine detail.,b0901884e03f,uniform10,uniform,uniform,10,10,,,flow_dpm-solver,4.0,5.0,2.0,0,1024,1024,reference_uniform50,50,uniform8,images/mini/p12_macro_uniform10.png,schedules/mini/p12_macro_uniform10.json,logs/mini/p12_macro_uniform10.stdout.log,logs/mini/p12_macro_uniform10.stderr.log,runtimes/mini/p12_macro_uniform10.runtime.json,pending,,59629fdf790850797cb657bad014fce432bd713d,"?? Prompt.txt
?? bss_experiments/"
sana06b_bss_bds_v1_mini_p12_macro_uniform20,Sana-0.6B,Sana_600M_1024px,Image Generation,None / not explicit,t2i,image,fixed_prompt_suite_official_sana_pipeline,native,p12_macro,close-up macro,A macro photograph of a dew-covered blue butterfly wing with fine detail.,b0901884e03f,uniform20,uniform,uniform,20,20,,,flow_dpm-solver,4.0,5.0,2.0,0,1024,1024,reference_uniform50,50,uniform8,images/mini/p12_macro_uniform20.png,schedules/mini/p12_macro_uniform20.json,logs/mini/p12_macro_uniform20.stdout.log,logs/mini/p12_macro_uniform20.stderr.log,runtimes/mini/p12_macro_uniform20.runtime.json,pending,,59629fdf790850797cb657bad014fce432bd713d,"?? Prompt.txt
?? bss_experiments/"
sana06b_bss_bds_v1_mini_p12_macro_uniform30,Sana-0.6B,Sana_600M_1024px,Image Generation,None / not explicit,t2i,image,fixed_prompt_suite_official_sana_pipeline,native,p12_macro,close-up macro,A macro photograph of a dew-covered blue butterfly wing with fine detail.,b0901884e03f,uniform30,uniform,uniform,30,30,,,flow_dpm-solver,4.0,5.0,2.0,0,1024,1024,reference_uniform50,50,uniform8,images/mini/p12_macro_uniform30.png,schedules/mini/p12_macro_uniform30.json,logs/mini/p12_macro_uniform30.stdout.log,logs/mini/p12_macro_uniform30.stderr.log,runtimes/mini/p12_macro_uniform30.runtime.json,pending,,59629fdf790850797cb657bad014fce432bd713d,"?? Prompt.txt
?? bss_experiments/"
sana06b_bss_bds_v1_mini_p12_macro_uniform40,Sana-0.6B,Sana_600M_1024px,Image Generation,None / not explicit,t2i,image,fixed_prompt_suite_official_sana_pipeline,native,p12_macro,close-up macro,A macro photograph of a dew-covered blue butterfly wing with fine detail.,b0901884e03f,uniform40,uniform,uniform,40,40,,,flow_dpm-solver,4.0,5.0,2.0,0,1024,1024,reference_uniform50,50,uniform8,images/mini/p12_macro_uniform40.png,schedules/mini/p12_macro_uniform40.json,logs/mini/p12_macro_uniform40.stdout.log,logs/mini/p12_macro_uniform40.stderr.log,runtimes/mini/p12_macro_uniform40.runtime.json,pending,,59629fdf790850797cb657bad014fce432bd713d,"?? Prompt.txt
?? bss_experiments/"
sana06b_bss_bds_v1_mini_p12_macro_reference_uniform50,Sana-0.6B,Sana_600M_1024px,Image Generation,None / not explicit,t2i,image,fixed_prompt_suite_official_sana_pipeline,native,p12_macro,close-up macro,A macro photograph of a dew-covered blue butterfly wing with fine detail.,b0901884e03f,reference_uniform50,reference,uniform,50,50,,,flow_dpm-solver,4.0,5.0,2.0,0,1024,1024,reference_uniform50,50,uniform8,images/mini/p12_macro_reference_uniform50.png,schedules/mini/p12_macro_reference_uniform50.json,logs/mini/p12_macro_reference_uniform50.stdout.log,logs/mini/p12_macro_reference_uniform50.stderr.log,runtimes/mini/p12_macro_reference_uniform50.runtime.json,pending,,59629fdf790850797cb657bad014fce432bd713d,"?? Prompt.txt
?? bss_experiments/"
sana06b_bss_bds_v1_mini_p12_macro_bss10,Sana-0.6B,Sana_600M_1024px,Image Generation,None / not explicit,t2i,image,fixed_prompt_suite_official_sana_pipeline,native,p12_macro,close-up macro,A macro photograph of a dew-covered blue butterfly wing with fine detail.,b0901884e03f,bss10,bss,bss,10,10,8,"0,-1",flow_dpm-solver,4.0,5.0,2.0,0,1024,1024,reference_uniform50,50,uniform8,images/mini/p12_macro_bss10.png,schedules/mini/p12_macro_bss10.json,logs/mini/p12_macro_bss10.stdout.log,logs/mini/p12_macro_bss10.stderr.log,runtimes/mini/p12_macro_bss10.runtime.json,pending,,59629fdf790850797cb657bad014fce432bd713d,"?? Prompt.txt
?? bss_experiments/"
sana06b_bss_bds_v1_mini_p12_macro_bss20,Sana-0.6B,Sana_600M_1024px,Image Generation,None / not explicit,t2i,image,fixed_prompt_suite_official_sana_pipeline,native,p12_macro,close-up macro,A macro photograph of a dew-covered blue butterfly wing with fine detail.,b0901884e03f,bss20,bss,bss,20,20,18,"0,-1",flow_dpm-solver,4.0,5.0,2.0,0,1024,1024,reference_uniform50,50,uniform8,images/mini/p12_macro_bss20.png,schedules/mini/p12_macro_bss20.json,logs/mini/p12_macro_bss20.stdout.log,logs/mini/p12_macro_bss20.stderr.log,runtimes/mini/p12_macro_bss20.runtime.json,pending,,59629fdf790850797cb657bad014fce432bd713d,"?? Prompt.txt
?? bss_experiments/"
sana06b_bss_bds_v1_mini_p12_macro_bss30,Sana-0.6B,Sana_600M_1024px,Image Generation,None / not explicit,t2i,image,fixed_prompt_suite_official_sana_pipeline,native,p12_macro,close-up macro,A macro photograph of a dew-covered blue butterfly wing with fine detail.,b0901884e03f,bss30,bss,bss,30,30,28,"0,-1",flow_dpm-solver,4.0,5.0,2.0,0,1024,1024,reference_uniform50,50,uniform8,images/mini/p12_macro_bss30.png,schedules/mini/p12_macro_bss30.json,logs/mini/p12_macro_bss30.stdout.log,logs/mini/p12_macro_bss30.stderr.log,runtimes/mini/p12_macro_bss30.runtime.json,pending,,59629fdf790850797cb657bad014fce432bd713d,"?? Prompt.txt
?? bss_experiments/"
sana06b_bss_bds_v1_mini_p12_macro_bss40,Sana-0.6B,Sana_600M_1024px,Image Generation,None / not explicit,t2i,image,fixed_prompt_suite_official_sana_pipeline,native,p12_macro,close-up macro,A macro photograph of a dew-covered blue butterfly wing with fine detail.,b0901884e03f,bss40,bss,bss,40,40,38,"0,-1",flow_dpm-solver,4.0,5.0,2.0,0,1024,1024,reference_uniform50,50,uniform8,images/mini/p12_macro_bss40.png,schedules/mini/p12_macro_bss40.json,logs/mini/p12_macro_bss40.stdout.log,logs/mini/p12_macro_bss40.stderr.log,runtimes/mini/p12_macro_bss40.runtime.json,pending,,59629fdf790850797cb657bad014fce432bd713d,"?? Prompt.txt
?? bss_experiments/"
sana06b_bss_bds_v1_mini_p13_reflection_uniform8,Sana-0.6B,Sana_600M_1024px,Image Generation,None / not explicit,t2i,image,fixed_prompt_suite_official_sana_pipeline,native,p13_reflection,reflection/water/glass,A sailboat reflected in still water beside a transparent glass pier.,0e8b7401396b,uniform8,uniform,uniform,8,8,,,flow_dpm-solver,4.0,5.0,2.0,0,1024,1024,reference_uniform50,50,uniform8,images/mini/p13_reflection_uniform8.png,schedules/mini/p13_reflection_uniform8.json,logs/mini/p13_reflection_uniform8.stdout.log,logs/mini/p13_reflection_uniform8.stderr.log,runtimes/mini/p13_reflection_uniform8.runtime.json,pending,,59629fdf790850797cb657bad014fce432bd713d,"?? Prompt.txt
?? bss_experiments/"
sana06b_bss_bds_v1_mini_p13_reflection_uniform10,Sana-0.6B,Sana_600M_1024px,Image Generation,None / not explicit,t2i,image,fixed_prompt_suite_official_sana_pipeline,native,p13_reflection,reflection/water/glass,A sailboat reflected in still water beside a transparent glass pier.,0e8b7401396b,uniform10,uniform,uniform,10,10,,,flow_dpm-solver,4.0,5.0,2.0,0,1024,1024,reference_uniform50,50,uniform8,images/mini/p13_reflection_uniform10.png,schedules/mini/p13_reflection_uniform10.json,logs/mini/p13_reflection_uniform10.stdout.log,logs/mini/p13_reflection_uniform10.stderr.log,runtimes/mini/p13_reflection_uniform10.runtime.json,pending,,59629fdf790850797cb657bad014fce432bd713d,"?? Prompt.txt
?? bss_experiments/"
sana06b_bss_bds_v1_mini_p13_reflection_uniform20,Sana-0.6B,Sana_600M_1024px,Image Generation,None / not explicit,t2i,image,fixed_prompt_suite_official_sana_pipeline,native,p13_reflection,reflection/water/glass,A sailboat reflected in still water beside a transparent glass pier.,0e8b7401396b,uniform20,uniform,uniform,20,20,,,flow_dpm-solver,4.0,5.0,2.0,0,1024,1024,reference_uniform50,50,uniform8,images/mini/p13_reflection_uniform20.png,schedules/mini/p13_reflection_uniform20.json,logs/mini/p13_reflection_uniform20.stdout.log,logs/mini/p13_reflection_uniform20.stderr.log,runtimes/mini/p13_reflection_uniform20.runtime.json,pending,,59629fdf790850797cb657bad014fce432bd713d,"?? Prompt.txt
?? bss_experiments/"
sana06b_bss_bds_v1_mini_p13_reflection_uniform30,Sana-0.6B,Sana_600M_1024px,Image Generation,None / not explicit,t2i,image,fixed_prompt_suite_official_sana_pipeline,native,p13_reflection,reflection/water/glass,A sailboat reflected in still water beside a transparent glass pier.,0e8b7401396b,uniform30,uniform,uniform,30,30,,,flow_dpm-solver,4.0,5.0,2.0,0,1024,1024,reference_uniform50,50,uniform8,images/mini/p13_reflection_uniform30.png,schedules/mini/p13_reflection_uniform30.json,logs/mini/p13_reflection_uniform30.stdout.log,logs/mini/p13_reflection_uniform30.stderr.log,runtimes/mini/p13_reflection_uniform30.runtime.json,pending,,59629fdf790850797cb657bad014fce432bd713d,"?? Prompt.txt
?? bss_experiments/"
sana06b_bss_bds_v1_mini_p13_reflection_uniform40,Sana-0.6B,Sana_600M_1024px,Image Generation,None / not explicit,t2i,image,fixed_prompt_suite_official_sana_pipeline,native,p13_reflection,reflection/water/glass,A sailboat reflected in still water beside a transparent glass pier.,0e8b7401396b,uniform40,uniform,uniform,40,40,,,flow_dpm-solver,4.0,5.0,2.0,0,1024,1024,reference_uniform50,50,uniform8,images/mini/p13_reflection_uniform40.png,schedules/mini/p13_reflection_uniform40.json,logs/mini/p13_reflection_uniform40.stdout.log,logs/mini/p13_reflection_uniform40.stderr.log,runtimes/mini/p13_reflection_uniform40.runtime.json,pending,,59629fdf790850797cb657bad014fce432bd713d,"?? Prompt.txt
?? bss_experiments/"
sana06b_bss_bds_v1_mini_p13_reflection_reference_uniform50,Sana-0.6B,Sana_600M_1024px,Image Generation,None / not explicit,t2i,image,fixed_prompt_suite_official_sana_pipeline,native,p13_reflection,reflection/water/glass,A sailboat reflected in still water beside a transparent glass pier.,0e8b7401396b,reference_uniform50,reference,uniform,50,50,,,flow_dpm-solver,4.0,5.0,2.0,0,1024,1024,reference_uniform50,50,uniform8,images/mini/p13_reflection_reference_uniform50.png,schedules/mini/p13_reflection_reference_uniform50.json,logs/mini/p13_reflection_reference_uniform50.stdout.log,logs/mini/p13_reflection_reference_uniform50.stderr.log,runtimes/mini/p13_reflection_reference_uniform50.runtime.json,pending,,59629fdf790850797cb657bad014fce432bd713d,"?? Prompt.txt
?? bss_experiments/"
sana06b_bss_bds_v1_mini_p13_reflection_bss10,Sana-0.6B,Sana_600M_1024px,Image Generation,None / not explicit,t2i,image,fixed_prompt_suite_official_sana_pipeline,native,p13_reflection,reflection/water/glass,A sailboat reflected in still water beside a transparent glass pier.,0e8b7401396b,bss10,bss,bss,10,10,8,"0,-1",flow_dpm-solver,4.0,5.0,2.0,0,1024,1024,reference_uniform50,50,uniform8,images/mini/p13_reflection_bss10.png,schedules/mini/p13_reflection_bss10.json,logs/mini/p13_reflection_bss10.stdout.log,logs/mini/p13_reflection_bss10.stderr.log,runtimes/mini/p13_reflection_bss10.runtime.json,pending,,59629fdf790850797cb657bad014fce432bd713d,"?? Prompt.txt
?? bss_experiments/"
sana06b_bss_bds_v1_mini_p13_reflection_bss20,Sana-0.6B,Sana_600M_1024px,Image Generation,None / not explicit,t2i,image,fixed_prompt_suite_official_sana_pipeline,native,p13_reflection,reflection/water/glass,A sailboat reflected in still water beside a transparent glass pier.,0e8b7401396b,bss20,bss,bss,20,20,18,"0,-1",flow_dpm-solver,4.0,5.0,2.0,0,1024,1024,reference_uniform50,50,uniform8,images/mini/p13_reflection_bss20.png,schedules/mini/p13_reflection_bss20.json,logs/mini/p13_reflection_bss20.stdout.log,logs/mini/p13_reflection_bss20.stderr.log,runtimes/mini/p13_reflection_bss20.runtime.json,pending,,59629fdf790850797cb657bad014fce432bd713d,"?? Prompt.txt
?? bss_experiments/"
sana06b_bss_bds_v1_mini_p13_reflection_bss30,Sana-0.6B,Sana_600M_1024px,Image Generation,None / not explicit,t2i,image,fixed_prompt_suite_official_sana_pipeline,native,p13_reflection,reflection/water/glass,A sailboat reflected in still water beside a transparent glass pier.,0e8b7401396b,bss30,bss,bss,30,30,28,"0,-1",flow_dpm-solver,4.0,5.0,2.0,0,1024,1024,reference_uniform50,50,uniform8,images/mini/p13_reflection_bss30.png,schedules/mini/p13_reflection_bss30.json,logs/mini/p13_reflection_bss30.stdout.log,logs/mini/p13_reflection_bss30.stderr.log,runtimes/mini/p13_reflection_bss30.runtime.json,pending,,59629fdf790850797cb657bad014fce432bd713d,"?? Prompt.txt
?? bss_experiments/"
sana06b_bss_bds_v1_mini_p13_reflection_bss40,Sana-0.6B,Sana_600M_1024px,Image Generation,None / not explicit,t2i,image,fixed_prompt_suite_official_sana_pipeline,native,p13_reflection,reflection/water/glass,A sailboat reflected in still water beside a transparent glass pier.,0e8b7401396b,bss40,bss,bss,40,40,38,"0,-1",flow_dpm-solver,4.0,5.0,2.0,0,1024,1024,reference_uniform50,50,uniform8,images/mini/p13_reflection_bss40.png,schedules/mini/p13_reflection_bss40.json,logs/mini/p13_reflection_bss40.stdout.log,logs/mini/p13_reflection_bss40.stderr.log,runtimes/mini/p13_reflection_bss40.runtime.json,pending,,59629fdf790850797cb657bad014fce432bd713d,"?? Prompt.txt
?? bss_experiments/"
sana06b_bss_bds_v1_mini_p14_complex_composition_uniform8,Sana-0.6B,Sana_600M_1024px,Image Generation,None / not explicit,t2i,image,fixed_prompt_suite_official_sana_pipeline,native,p14_complex_composition,complex composition,"A market square with cyclists, umbrellas, fruit stands, and distant tram lines.",37a08a504d2e,uniform8,uniform,uniform,8,8,,,flow_dpm-solver,4.0,5.0,2.0,0,1024,1024,reference_uniform50,50,uniform8,images/mini/p14_complex_composition_uniform8.png,schedules/mini/p14_complex_composition_uniform8.json,logs/mini/p14_complex_composition_uniform8.stdout.log,logs/mini/p14_complex_composition_uniform8.stderr.log,runtimes/mini/p14_complex_composition_uniform8.runtime.json,pending,,59629fdf790850797cb657bad014fce432bd713d,"?? Prompt.txt
?? bss_experiments/"
sana06b_bss_bds_v1_mini_p14_complex_composition_uniform10,Sana-0.6B,Sana_600M_1024px,Image Generation,None / not explicit,t2i,image,fixed_prompt_suite_official_sana_pipeline,native,p14_complex_composition,complex composition,"A market square with cyclists, umbrellas, fruit stands, and distant tram lines.",37a08a504d2e,uniform10,uniform,uniform,10,10,,,flow_dpm-solver,4.0,5.0,2.0,0,1024,1024,reference_uniform50,50,uniform8,images/mini/p14_complex_composition_uniform10.png,schedules/mini/p14_complex_composition_uniform10.json,logs/mini/p14_complex_composition_uniform10.stdout.log,logs/mini/p14_complex_composition_uniform10.stderr.log,runtimes/mini/p14_complex_composition_uniform10.runtime.json,pending,,59629fdf790850797cb657bad014fce432bd713d,"?? Prompt.txt
?? bss_experiments/"
sana06b_bss_bds_v1_mini_p14_complex_composition_uniform20,Sana-0.6B,Sana_600M_1024px,Image Generation,None / not explicit,t2i,image,fixed_prompt_suite_official_sana_pipeline,native,p14_complex_composition,complex composition,"A market square with cyclists, umbrellas, fruit stands, and distant tram lines.",37a08a504d2e,uniform20,uniform,uniform,20,20,,,flow_dpm-solver,4.0,5.0,2.0,0,1024,1024,reference_uniform50,50,uniform8,images/mini/p14_complex_composition_uniform20.png,schedules/mini/p14_complex_composition_uniform20.json,logs/mini/p14_complex_composition_uniform20.stdout.log,logs/mini/p14_complex_composition_uniform20.stderr.log,runtimes/mini/p14_complex_composition_uniform20.runtime.json,pending,,59629fdf790850797cb657bad014fce432bd713d,"?? Prompt.txt
?? bss_experiments/"
sana06b_bss_bds_v1_mini_p14_complex_composition_uniform30,Sana-0.6B,Sana_600M_1024px,Image Generation,None / not explicit,t2i,image,fixed_prompt_suite_official_sana_pipeline,native,p14_complex_composition,complex composition,"A market square with cyclists, umbrellas, fruit stands, and distant tram lines.",37a08a504d2e,uniform30,uniform,uniform,30,30,,,flow_dpm-solver,4.0,5.0,2.0,0,1024,1024,reference_uniform50,50,uniform8,images/mini/p14_complex_composition_uniform30.png,schedules/mini/p14_complex_composition_uniform30.json,logs/mini/p14_complex_composition_uniform30.stdout.log,logs/mini/p14_complex_composition_uniform30.stderr.log,runtimes/mini/p14_complex_composition_uniform30.runtime.json,pending,,59629fdf790850797cb657bad014fce432bd713d,"?? Prompt.txt
?? bss_experiments/"
sana06b_bss_bds_v1_mini_p14_complex_composition_uniform40,Sana-0.6B,Sana_600M_1024px,Image Generation,None / not explicit,t2i,image,fixed_prompt_suite_official_sana_pipeline,native,p14_complex_composition,complex composition,"A market square with cyclists, umbrellas, fruit stands, and distant tram lines.",37a08a504d2e,uniform40,uniform,uniform,40,40,,,flow_dpm-solver,4.0,5.0,2.0,0,1024,1024,reference_uniform50,50,uniform8,images/mini/p14_complex_composition_uniform40.png,schedules/mini/p14_complex_composition_uniform40.json,logs/mini/p14_complex_composition_uniform40.stdout.log,logs/mini/p14_complex_composition_uniform40.stderr.log,runtimes/mini/p14_complex_composition_uniform40.runtime.json,pending,,59629fdf790850797cb657bad014fce432bd713d,"?? Prompt.txt
?? bss_experiments/"
sana06b_bss_bds_v1_mini_p14_complex_composition_reference_uniform50,Sana-0.6B,Sana_600M_1024px,Image Generation,None / not explicit,t2i,image,fixed_prompt_suite_official_sana_pipeline,native,p14_complex_composition,complex composition,"A market square with cyclists, umbrellas, fruit stands, and distant tram lines.",37a08a504d2e,reference_uniform50,reference,uniform,50,50,,,flow_dpm-solver,4.0,5.0,2.0,0,1024,1024,reference_uniform50,50,uniform8,images/mini/p14_complex_composition_reference_uniform50.png,schedules/mini/p14_complex_composition_reference_uniform50.json,logs/mini/p14_complex_composition_reference_uniform50.stdout.log,logs/mini/p14_complex_composition_reference_uniform50.stderr.log,runtimes/mini/p14_complex_composition_reference_uniform50.runtime.json,pending,,59629fdf790850797cb657bad014fce432bd713d,"?? Prompt.txt
?? bss_experiments/"
sana06b_bss_bds_v1_mini_p14_complex_composition_bss10,Sana-0.6B,Sana_600M_1024px,Image Generation,None / not explicit,t2i,image,fixed_prompt_suite_official_sana_pipeline,native,p14_complex_composition,complex composition,"A market square with cyclists, umbrellas, fruit stands, and distant tram lines.",37a08a504d2e,bss10,bss,bss,10,10,8,"0,-1",flow_dpm-solver,4.0,5.0,2.0,0,1024,1024,reference_uniform50,50,uniform8,images/mini/p14_complex_composition_bss10.png,schedules/mini/p14_complex_composition_bss10.json,logs/mini/p14_complex_composition_bss10.stdout.log,logs/mini/p14_complex_composition_bss10.stderr.log,runtimes/mini/p14_complex_composition_bss10.runtime.json,pending,,59629fdf790850797cb657bad014fce432bd713d,"?? Prompt.txt
?? bss_experiments/"
sana06b_bss_bds_v1_mini_p14_complex_composition_bss20,Sana-0.6B,Sana_600M_1024px,Image Generation,None / not explicit,t2i,image,fixed_prompt_suite_official_sana_pipeline,native,p14_complex_composition,complex composition,"A market square with cyclists, umbrellas, fruit stands, and distant tram lines.",37a08a504d2e,bss20,bss,bss,20,20,18,"0,-1",flow_dpm-solver,4.0,5.0,2.0,0,1024,1024,reference_uniform50,50,uniform8,images/mini/p14_complex_composition_bss20.png,schedules/mini/p14_complex_composition_bss20.json,logs/mini/p14_complex_composition_bss20.stdout.log,logs/mini/p14_complex_composition_bss20.stderr.log,runtimes/mini/p14_complex_composition_bss20.runtime.json,pending,,59629fdf790850797cb657bad014fce432bd713d,"?? Prompt.txt
?? bss_experiments/"
sana06b_bss_bds_v1_mini_p14_complex_composition_bss30,Sana-0.6B,Sana_600M_1024px,Image Generation,None / not explicit,t2i,image,fixed_prompt_suite_official_sana_pipeline,native,p14_complex_composition,complex composition,"A market square with cyclists, umbrellas, fruit stands, and distant tram lines.",37a08a504d2e,bss30,bss,bss,30,30,28,"0,-1",flow_dpm-solver,4.0,5.0,2.0,0,1024,1024,reference_uniform50,50,uniform8,images/mini/p14_complex_composition_bss30.png,schedules/mini/p14_complex_composition_bss30.json,logs/mini/p14_complex_composition_bss30.stdout.log,logs/mini/p14_complex_composition_bss30.stderr.log,runtimes/mini/p14_complex_composition_bss30.runtime.json,pending,,59629fdf790850797cb657bad014fce432bd713d,"?? Prompt.txt
?? bss_experiments/"
sana06b_bss_bds_v1_mini_p14_complex_composition_bss40,Sana-0.6B,Sana_600M_1024px,Image Generation,None / not explicit,t2i,image,fixed_prompt_suite_official_sana_pipeline,native,p14_complex_composition,complex composition,"A market square with cyclists, umbrellas, fruit stands, and distant tram lines.",37a08a504d2e,bss40,bss,bss,40,40,38,"0,-1",flow_dpm-solver,4.0,5.0,2.0,0,1024,1024,reference_uniform50,50,uniform8,images/mini/p14_complex_composition_bss40.png,schedules/mini/p14_complex_composition_bss40.json,logs/mini/p14_complex_composition_bss40.stdout.log,logs/mini/p14_complex_composition_bss40.stderr.log,runtimes/mini/p14_complex_composition_bss40.runtime.json,pending,,59629fdf790850797cb657bad014fce432bd713d,"?? Prompt.txt
?? bss_experiments/"
sana06b_bss_bds_v1_mini_p15_low_light_uniform8,Sana-0.6B,Sana_600M_1024px,Image Generation,None / not explicit,t2i,image,fixed_prompt_suite_official_sana_pipeline,native,p15_low_light,low-light scene,A low-light jazz club with a saxophonist under a narrow amber spotlight.,0e4b9db5c72a,uniform8,uniform,uniform,8,8,,,flow_dpm-solver,4.0,5.0,2.0,0,1024,1024,reference_uniform50,50,uniform8,images/mini/p15_low_light_uniform8.png,schedules/mini/p15_low_light_uniform8.json,logs/mini/p15_low_light_uniform8.stdout.log,logs/mini/p15_low_light_uniform8.stderr.log,runtimes/mini/p15_low_light_uniform8.runtime.json,pending,,59629fdf790850797cb657bad014fce432bd713d,"?? Prompt.txt
?? bss_experiments/"
sana06b_bss_bds_v1_mini_p15_low_light_uniform10,Sana-0.6B,Sana_600M_1024px,Image Generation,None / not explicit,t2i,image,fixed_prompt_suite_official_sana_pipeline,native,p15_low_light,low-light scene,A low-light jazz club with a saxophonist under a narrow amber spotlight.,0e4b9db5c72a,uniform10,uniform,uniform,10,10,,,flow_dpm-solver,4.0,5.0,2.0,0,1024,1024,reference_uniform50,50,uniform8,images/mini/p15_low_light_uniform10.png,schedules/mini/p15_low_light_uniform10.json,logs/mini/p15_low_light_uniform10.stdout.log,logs/mini/p15_low_light_uniform10.stderr.log,runtimes/mini/p15_low_light_uniform10.runtime.json,pending,,59629fdf790850797cb657bad014fce432bd713d,"?? Prompt.txt
?? bss_experiments/"
sana06b_bss_bds_v1_mini_p15_low_light_uniform20,Sana-0.6B,Sana_600M_1024px,Image Generation,None / not explicit,t2i,image,fixed_prompt_suite_official_sana_pipeline,native,p15_low_light,low-light scene,A low-light jazz club with a saxophonist under a narrow amber spotlight.,0e4b9db5c72a,uniform20,uniform,uniform,20,20,,,flow_dpm-solver,4.0,5.0,2.0,0,1024,1024,reference_uniform50,50,uniform8,images/mini/p15_low_light_uniform20.png,schedules/mini/p15_low_light_uniform20.json,logs/mini/p15_low_light_uniform20.stdout.log,logs/mini/p15_low_light_uniform20.stderr.log,runtimes/mini/p15_low_light_uniform20.runtime.json,pending,,59629fdf790850797cb657bad014fce432bd713d,"?? Prompt.txt
?? bss_experiments/"
sana06b_bss_bds_v1_mini_p15_low_light_uniform30,Sana-0.6B,Sana_600M_1024px,Image Generation,None / not explicit,t2i,image,fixed_prompt_suite_official_sana_pipeline,native,p15_low_light,low-light scene,A low-light jazz club with a saxophonist under a narrow amber spotlight.,0e4b9db5c72a,uniform30,uniform,uniform,30,30,,,flow_dpm-solver,4.0,5.0,2.0,0,1024,1024,reference_uniform50,50,uniform8,images/mini/p15_low_light_uniform30.png,schedules/mini/p15_low_light_uniform30.json,logs/mini/p15_low_light_uniform30.stdout.log,logs/mini/p15_low_light_uniform30.stderr.log,runtimes/mini/p15_low_light_uniform30.runtime.json,pending,,59629fdf790850797cb657bad014fce432bd713d,"?? Prompt.txt
?? bss_experiments/"
sana06b_bss_bds_v1_mini_p15_low_light_uniform40,Sana-0.6B,Sana_600M_1024px,Image Generation,None / not explicit,t2i,image,fixed_prompt_suite_official_sana_pipeline,native,p15_low_light,low-light scene,A low-light jazz club with a saxophonist under a narrow amber spotlight.,0e4b9db5c72a,uniform40,uniform,uniform,40,40,,,flow_dpm-solver,4.0,5.0,2.0,0,1024,1024,reference_uniform50,50,uniform8,images/mini/p15_low_light_uniform40.png,schedules/mini/p15_low_light_uniform40.json,logs/mini/p15_low_light_uniform40.stdout.log,logs/mini/p15_low_light_uniform40.stderr.log,runtimes/mini/p15_low_light_uniform40.runtime.json,pending,,59629fdf790850797cb657bad014fce432bd713d,"?? Prompt.txt
?? bss_experiments/"
sana06b_bss_bds_v1_mini_p15_low_light_reference_uniform50,Sana-0.6B,Sana_600M_1024px,Image Generation,None / not explicit,t2i,image,fixed_prompt_suite_official_sana_pipeline,native,p15_low_light,low-light scene,A low-light jazz club with a saxophonist under a narrow amber spotlight.,0e4b9db5c72a,reference_uniform50,reference,uniform,50,50,,,flow_dpm-solver,4.0,5.0,2.0,0,1024,1024,reference_uniform50,50,uniform8,images/mini/p15_low_light_reference_uniform50.png,schedules/mini/p15_low_light_reference_uniform50.json,logs/mini/p15_low_light_reference_uniform50.stdout.log,logs/mini/p15_low_light_reference_uniform50.stderr.log,runtimes/mini/p15_low_light_reference_uniform50.runtime.json,pending,,59629fdf790850797cb657bad014fce432bd713d,"?? Prompt.txt
?? bss_experiments/"
sana06b_bss_bds_v1_mini_p15_low_light_bss10,Sana-0.6B,Sana_600M_1024px,Image Generation,None / not explicit,t2i,image,fixed_prompt_suite_official_sana_pipeline,native,p15_low_light,low-light scene,A low-light jazz club with a saxophonist under a narrow amber spotlight.,0e4b9db5c72a,bss10,bss,bss,10,10,8,"0,-1",flow_dpm-solver,4.0,5.0,2.0,0,1024,1024,reference_uniform50,50,uniform8,images/mini/p15_low_light_bss10.png,schedules/mini/p15_low_light_bss10.json,logs/mini/p15_low_light_bss10.stdout.log,logs/mini/p15_low_light_bss10.stderr.log,runtimes/mini/p15_low_light_bss10.runtime.json,pending,,59629fdf790850797cb657bad014fce432bd713d,"?? Prompt.txt
?? bss_experiments/"
sana06b_bss_bds_v1_mini_p15_low_light_bss20,Sana-0.6B,Sana_600M_1024px,Image Generation,None / not explicit,t2i,image,fixed_prompt_suite_official_sana_pipeline,native,p15_low_light,low-light scene,A low-light jazz club with a saxophonist under a narrow amber spotlight.,0e4b9db5c72a,bss20,bss,bss,20,20,18,"0,-1",flow_dpm-solver,4.0,5.0,2.0,0,1024,1024,reference_uniform50,50,uniform8,images/mini/p15_low_light_bss20.png,schedules/mini/p15_low_light_bss20.json,logs/mini/p15_low_light_bss20.stdout.log,logs/mini/p15_low_light_bss20.stderr.log,runtimes/mini/p15_low_light_bss20.runtime.json,pending,,59629fdf790850797cb657bad014fce432bd713d,"?? Prompt.txt
?? bss_experiments/"
sana06b_bss_bds_v1_mini_p15_low_light_bss30,Sana-0.6B,Sana_600M_1024px,Image Generation,None / not explicit,t2i,image,fixed_prompt_suite_official_sana_pipeline,native,p15_low_light,low-light scene,A low-light jazz club with a saxophonist under a narrow amber spotlight.,0e4b9db5c72a,bss30,bss,bss,30,30,28,"0,-1",flow_dpm-solver,4.0,5.0,2.0,0,1024,1024,reference_uniform50,50,uniform8,images/mini/p15_low_light_bss30.png,schedules/mini/p15_low_light_bss30.json,logs/mini/p15_low_light_bss30.stdout.log,logs/mini/p15_low_light_bss30.stderr.log,runtimes/mini/p15_low_light_bss30.runtime.json,pending,,59629fdf790850797cb657bad014fce432bd713d,"?? Prompt.txt
?? bss_experiments/"
sana06b_bss_bds_v1_mini_p15_low_light_bss40,Sana-0.6B,Sana_600M_1024px,Image Generation,None / not explicit,t2i,image,fixed_prompt_suite_official_sana_pipeline,native,p15_low_light,low-light scene,A low-light jazz club with a saxophonist under a narrow amber spotlight.,0e4b9db5c72a,bss40,bss,bss,40,40,38,"0,-1",flow_dpm-solver,4.0,5.0,2.0,0,1024,1024,reference_uniform50,50,uniform8,images/mini/p15_low_light_bss40.png,schedules/mini/p15_low_light_bss40.json,logs/mini/p15_low_light_bss40.stdout.log,logs/mini/p15_low_light_bss40.stderr.log,runtimes/mini/p15_low_light_bss40.runtime.json,pending,,59629fdf790850797cb657bad014fce432bd713d,"?? Prompt.txt
?? bss_experiments/"
sana06b_bss_bds_v1_mini_p16_colorful_abstract_uniform8,Sana-0.6B,Sana_600M_1024px,Image Generation,None / not explicit,t2i,image,fixed_prompt_suite_official_sana_pipeline,native,p16_colorful_abstract,colorful abstract scene,"An abstract burst of cyan, magenta, yellow, and black ink in clear water.",3a0f73a8cedd,uniform8,uniform,uniform,8,8,,,flow_dpm-solver,4.0,5.0,2.0,0,1024,1024,reference_uniform50,50,uniform8,images/mini/p16_colorful_abstract_uniform8.png,schedules/mini/p16_colorful_abstract_uniform8.json,logs/mini/p16_colorful_abstract_uniform8.stdout.log,logs/mini/p16_colorful_abstract_uniform8.stderr.log,runtimes/mini/p16_colorful_abstract_uniform8.runtime.json,pending,,59629fdf790850797cb657bad014fce432bd713d,"?? Prompt.txt
?? bss_experiments/"
sana06b_bss_bds_v1_mini_p16_colorful_abstract_uniform10,Sana-0.6B,Sana_600M_1024px,Image Generation,None / not explicit,t2i,image,fixed_prompt_suite_official_sana_pipeline,native,p16_colorful_abstract,colorful abstract scene,"An abstract burst of cyan, magenta, yellow, and black ink in clear water.",3a0f73a8cedd,uniform10,uniform,uniform,10,10,,,flow_dpm-solver,4.0,5.0,2.0,0,1024,1024,reference_uniform50,50,uniform8,images/mini/p16_colorful_abstract_uniform10.png,schedules/mini/p16_colorful_abstract_uniform10.json,logs/mini/p16_colorful_abstract_uniform10.stdout.log,logs/mini/p16_colorful_abstract_uniform10.stderr.log,runtimes/mini/p16_colorful_abstract_uniform10.runtime.json,pending,,59629fdf790850797cb657bad014fce432bd713d,"?? Prompt.txt
?? bss_experiments/"
sana06b_bss_bds_v1_mini_p16_colorful_abstract_uniform20,Sana-0.6B,Sana_600M_1024px,Image Generation,None / not explicit,t2i,image,fixed_prompt_suite_official_sana_pipeline,native,p16_colorful_abstract,colorful abstract scene,"An abstract burst of cyan, magenta, yellow, and black ink in clear water.",3a0f73a8cedd,uniform20,uniform,uniform,20,20,,,flow_dpm-solver,4.0,5.0,2.0,0,1024,1024,reference_uniform50,50,uniform8,images/mini/p16_colorful_abstract_uniform20.png,schedules/mini/p16_colorful_abstract_uniform20.json,logs/mini/p16_colorful_abstract_uniform20.stdout.log,logs/mini/p16_colorful_abstract_uniform20.stderr.log,runtimes/mini/p16_colorful_abstract_uniform20.runtime.json,pending,,59629fdf790850797cb657bad014fce432bd713d,"?? Prompt.txt
?? bss_experiments/"
sana06b_bss_bds_v1_mini_p16_colorful_abstract_uniform30,Sana-0.6B,Sana_600M_1024px,Image Generation,None / not explicit,t2i,image,fixed_prompt_suite_official_sana_pipeline,native,p16_colorful_abstract,colorful abstract scene,"An abstract burst of cyan, magenta, yellow, and black ink in clear water.",3a0f73a8cedd,uniform30,uniform,uniform,30,30,,,flow_dpm-solver,4.0,5.0,2.0,0,1024,1024,reference_uniform50,50,uniform8,images/mini/p16_colorful_abstract_uniform30.png,schedules/mini/p16_colorful_abstract_uniform30.json,logs/mini/p16_colorful_abstract_uniform30.stdout.log,logs/mini/p16_colorful_abstract_uniform30.stderr.log,runtimes/mini/p16_colorful_abstract_uniform30.runtime.json,pending,,59629fdf790850797cb657bad014fce432bd713d,"?? Prompt.txt
?? bss_experiments/"
sana06b_bss_bds_v1_mini_p16_colorful_abstract_uniform40,Sana-0.6B,Sana_600M_1024px,Image Generation,None / not explicit,t2i,image,fixed_prompt_suite_official_sana_pipeline,native,p16_colorful_abstract,colorful abstract scene,"An abstract burst of cyan, magenta, yellow, and black ink in clear water.",3a0f73a8cedd,uniform40,uniform,uniform,40,40,,,flow_dpm-solver,4.0,5.0,2.0,0,1024,1024,reference_uniform50,50,uniform8,images/mini/p16_colorful_abstract_uniform40.png,schedules/mini/p16_colorful_abstract_uniform40.json,logs/mini/p16_colorful_abstract_uniform40.stdout.log,logs/mini/p16_colorful_abstract_uniform40.stderr.log,runtimes/mini/p16_colorful_abstract_uniform40.runtime.json,pending,,59629fdf790850797cb657bad014fce432bd713d,"?? Prompt.txt
?? bss_experiments/"
sana06b_bss_bds_v1_mini_p16_colorful_abstract_reference_uniform50,Sana-0.6B,Sana_600M_1024px,Image Generation,None / not explicit,t2i,image,fixed_prompt_suite_official_sana_pipeline,native,p16_colorful_abstract,colorful abstract scene,"An abstract burst of cyan, magenta, yellow, and black ink in clear water.",3a0f73a8cedd,reference_uniform50,reference,uniform,50,50,,,flow_dpm-solver,4.0,5.0,2.0,0,1024,1024,reference_uniform50,50,uniform8,images/mini/p16_colorful_abstract_reference_uniform50.png,schedules/mini/p16_colorful_abstract_reference_uniform50.json,logs/mini/p16_colorful_abstract_reference_uniform50.stdout.log,logs/mini/p16_colorful_abstract_reference_uniform50.stderr.log,runtimes/mini/p16_colorful_abstract_reference_uniform50.runtime.json,pending,,59629fdf790850797cb657bad014fce432bd713d,"?? Prompt.txt
?? bss_experiments/"
sana06b_bss_bds_v1_mini_p16_colorful_abstract_bss10,Sana-0.6B,Sana_600M_1024px,Image Generation,None / not explicit,t2i,image,fixed_prompt_suite_official_sana_pipeline,native,p16_colorful_abstract,colorful abstract scene,"An abstract burst of cyan, magenta, yellow, and black ink in clear water.",3a0f73a8cedd,bss10,bss,bss,10,10,8,"0,-1",flow_dpm-solver,4.0,5.0,2.0,0,1024,1024,reference_uniform50,50,uniform8,images/mini/p16_colorful_abstract_bss10.png,schedules/mini/p16_colorful_abstract_bss10.json,logs/mini/p16_colorful_abstract_bss10.stdout.log,logs/mini/p16_colorful_abstract_bss10.stderr.log,runtimes/mini/p16_colorful_abstract_bss10.runtime.json,pending,,59629fdf790850797cb657bad014fce432bd713d,"?? Prompt.txt
?? bss_experiments/"
sana06b_bss_bds_v1_mini_p16_colorful_abstract_bss20,Sana-0.6B,Sana_600M_1024px,Image Generation,None / not explicit,t2i,image,fixed_prompt_suite_official_sana_pipeline,native,p16_colorful_abstract,colorful abstract scene,"An abstract burst of cyan, magenta, yellow, and black ink in clear water.",3a0f73a8cedd,bss20,bss,bss,20,20,18,"0,-1",flow_dpm-solver,4.0,5.0,2.0,0,1024,1024,reference_uniform50,50,uniform8,images/mini/p16_colorful_abstract_bss20.png,schedules/mini/p16_colorful_abstract_bss20.json,logs/mini/p16_colorful_abstract_bss20.stdout.log,logs/mini/p16_colorful_abstract_bss20.stderr.log,runtimes/mini/p16_colorful_abstract_bss20.runtime.json,pending,,59629fdf790850797cb657bad014fce432bd713d,"?? Prompt.txt
?? bss_experiments/"
sana06b_bss_bds_v1_mini_p16_colorful_abstract_bss30,Sana-0.6B,Sana_600M_1024px,Image Generation,None / not explicit,t2i,image,fixed_prompt_suite_official_sana_pipeline,native,p16_colorful_abstract,colorful abstract scene,"An abstract burst of cyan, magenta, yellow, and black ink in clear water.",3a0f73a8cedd,bss30,bss,bss,30,30,28,"0,-1",flow_dpm-solver,4.0,5.0,2.0,0,1024,1024,reference_uniform50,50,uniform8,images/mini/p16_colorful_abstract_bss30.png,schedules/mini/p16_colorful_abstract_bss30.json,logs/mini/p16_colorful_abstract_bss30.stdout.log,logs/mini/p16_colorful_abstract_bss30.stderr.log,runtimes/mini/p16_colorful_abstract_bss30.runtime.json,pending,,59629fdf790850797cb657bad014fce432bd713d,"?? Prompt.txt
?? bss_experiments/"
sana06b_bss_bds_v1_mini_p16_colorful_abstract_bss40,Sana-0.6B,Sana_600M_1024px,Image Generation,None / not explicit,t2i,image,fixed_prompt_suite_official_sana_pipeline,native,p16_colorful_abstract,colorful abstract scene,"An abstract burst of cyan, magenta, yellow, and black ink in clear water.",3a0f73a8cedd,bss40,bss,bss,40,40,38,"0,-1",flow_dpm-solver,4.0,5.0,2.0,0,1024,1024,reference_uniform50,50,uniform8,images/mini/p16_colorful_abstract_bss40.png,schedules/mini/p16_colorful_abstract_bss40.json,logs/mini/p16_colorful_abstract_bss40.stdout.log,logs/mini/p16_colorful_abstract_bss40.stderr.log,runtimes/mini/p16_colorful_abstract_bss40.runtime.json,pending,,59629fdf790850797cb657bad014fce432bd713d,"?? Prompt.txt
?? bss_experiments/"
